TM,HITTERS,AB,SO vlhp,BB v lhp,HIT v lhp,OB v lhp,TB v lhp,HR v lhp,BP v lhp,CL v lhp,DP v lhp,SO v rhp,BB v rhp,HIT v rhp,OB v rhp,TB v rhp,HR v rhp,BP v rhp,CL v rhp,DP v rhp,STEALING,STL,SPD,B,H,CA,1B,2B,3B,SS,LF,CF,RF,FIELDING
CHA,"Abreu,J",499,33,8,24.6,37.6,49,3.5,6,2,21,16,3,20.8,28.8,37,2.8,5,2,20,2/- (20-6),E,11,D,C,,311,,,,,,,1b-3e11
ATN,"Acuna,R",433,22,17,24.5,44.5,52.4,6.2,8,1,3,32,9,25.8,37.8,49.5,5,8,1,4,"*2-5,12/- (17-12)",B,17,D,D,,,,,,208,308,308,lf-2(0)e8 cf-3e8 rf-3e8
TBA,"Adames,W",288,53,8,24.1,33.1,27.1,1,1,-12,10,34,12,27.8,40.8,35.5,2.5,4,-11,15,*2-7/9 (15-8),C,14,D,C,,,319,,330,,,,ss-3e30 2b-3e19
ATN,"Adams,L",25,48,15,5.3,20.3,16.6,3.8,6,0,24,27,25,17.7,42.7,56.2,11,8,0,18,*3/- (20-11),D,16,D,D,,,,,,312,312,312,cf-3(+1)e12 lf-3e12 rf-3e12
SLN,"Adams,M*",306,13,0,17.7,20.7,31.6,1.2,2,-4,16,25,7,16,26,39.4,7.8,8,-5,15,-/- (---),E,10,D,D,,409,,,,513,,513,1b-4e9 lf-5(+2)e13 rf-5e13
DEA,"Adduci,J*",176,35,0,0,0,0,0,w*,0,7,28,0,31.1,31.1,40.5,0.3,0,6,7,2/- (20-6),E,13,D,D,,327,,,,,,,1b-3e27
MNA,"Adrianza,E+",335,31,6,25.4,32.3,37.3,0,w,-5,7,24,2,22.4,25.4,31.6,0.8,1,-5,8,5/- (17-6),C,13,B,C,,325,322,313,319,408,,,ss-3e19 3b-3e13 2b-3e22 1b-3e25 lf-4(+2)e8
MLN,"Aguilar,J",492,26,15,21.7,39.7,45.5,6,8,-7,23,32,13,22,38,46.2,6.8,8,-8,19,-/- (---),E,9,D,B,,406,,537,,,,,1b-4e6 3b-5e37
ARN,"Ahmed,N",516,14,4,20,25,40.3,3.5,5,7,22,18,8,15.6,24.6,29.5,1.3,1,7,21,"2,4-6/11 (13-7)",D,14,D,C,,,,,110,,,,ss-1e10
TEA,"Alberto,H",27,0,11,19.3,30.3,35.1,0,w*,0,0,11,4,6.7,10.6,12.1,0,w*,0,0,2-12/- (3-1),E,13,C,C,,,311,356,248,,,,2b-3e11 ss-2e48 3b-3e56
ATN,"Albies,O+",639,6,0,38.2,40.2,57.1,3,6,-6,10,16,3,16.7,21.7,30.9,2,4,-6,10,*7/- (18-11),B,16,B,C,,,211,,,,,,2b-2e11
PHN,"Alfaro,J",344,44,0,25.1,33.1,38.4,1.4,0,-13,1,56,0,26.1,34.2,36.3,1.8,2,-13,0,2/- (20-6),D,10,D,D,403,,,565,,,,,"c-4(-2)e3,T-15(pb-2) 3b-5e65"
TOA,"Alford,A",19,53,24,0,24,0,0,w*,0,0,90,0,0,0,0,0,w*,0,0,*3/- (20-11),D,14,D,D,,,,,,308,,308,lf-3(+2)e8 rf-3e8
CLA,"Allen,G+",265,39,0,14.4,20.4,14.4,0,w,-12,14,17,0,25.3,31.3,38.3,1.8,w,-12,14,*3-6/- (19-15),A,16,C,D,,,,,,202,202,202,cf-2(-1)e2 rf-2e2 lf-2e2
KCA,"Almonte,A+",134,30,10,1.4,11.4,4.3,0.9,2*,0,30,28,13,9.4,22.5,17.2,0.3,0,-4,29,"*2-6,9/7 (15-7)",D,14,C,D,,,,,,,303,303,cf-3(-1)e3 rf-3e3
CHN,"Almora Jr,A",444,0,4,30.8,36.8,45.2,1.5,w,-4,20,18,2,30,34,43,2.8,w,-4,20,"5/9,10 (13-1)",E,13,D,C,,,,,,105,105,,cf-1(-1)e5 lf-1e5
CLA,"Alonso,Y*",516,32,4,16.4,21.4,23.1,2.3,3,1,15,21,10,18.1,29.1,30.2,3.3,5,1,13,-/- (---),E,10,D,C,,312,,,,,,,1b-3e12
PHN,"Altherr,A",243,35,22,10,35,24.7,2.3,2*,0,25,48,18,6.2,27.1,14,2,1*,0,23,"5,6/12 (13-9)",C,14,D,D,,,,,,203,203,203,rf-2(-2)e3 cf-2e3 lf-2e3
HOA,"Altuve,J",534,1,12,27.2,41.2,44.4,2.7,w,-2,20,7,10,36.7,48.7,44.6,1.2,1,-2,19,*7/- (18-11),A,16,A,B,,,208,,,,,,2b-2e8
BAA,"Alvarez,P*",111,44,16,7.8,23.8,19.2,3.8,7,-2,12,35,18,6.8,24.8,26.5,6.6,8*,0,12,-/- (---),E,10,D,D,,530,,530,,,,,3b-5e30 1b-5e30
MMN,"Anderson,B",590,18,18,18.3,41.3,26.9,0.2,1,5,18,15,9,27,41,35.2,0.4,0,6,20,7/10-12 (13-3),D,13,D,C,,,,319,,,,302,rf-3(-2)e2 3b-3e19
CHA,"Anderson,T",567,23,0,27.6,29.6,43.9,3.4,5,-7,19,31,3,17.3,22.3,29.2,2,2,-7,20,*2-6/- (18-13),A,16,D,D,,,,,322,,,,ss-3e22
BAA,"Andreoli,J",61,54,4,19.1,23.1,19.9,0,w,-8,10,20,12,18.6,30.6,19.6,0,w,-7,10,*4/- (20-11),C,16,D,D,,,,,,401,401,401,lf-4(+1)e1 rf-4e1 cf-4e1
TEA,"Andrus,E",395,5,9,20.7,31.7,33.1,0.8,1,-8,14,10,5,23.9,31,36.3,2.3,w,-13,15,"5,6/- (13-6)",C,16,D,B,,,,,219,,,,ss-2e19
NYA,"Andujar,M",573,13,0,24,25.9,50.5,3.4,4,-3,12,9,0,32.8,34.8,52.8,3.4,5,-7,12,4/- (13-6),E,12,D,C,,,,419,,,,,3b-4e19
CIN,"Aquino,A",1,67,0,0,0,0,0,w*,0,0,95,0,0,0,0,0,w*,0,0,-/- (---),E,12,D,D,,,,,,,,309,rf-3(+1)e9
LAA,"Arcia,F*",103,0,0,10,14,21.1,3.7,6,6,28,32,0,12.4,16.5,31.4,4.6,6*,0,29,3/- (20-6),E,9,B,C,312,424,,,,,,,"c-3(0)e12,T-1(pb-0) 1b-4e24"
MLN,"Arcia,O",348,12,0,20.8,21.8,30.1,0,w,7,22,31,0,20.1,21.1,29.9,2.4,w,7,21,"*2-6,12/- (15-12)",B,15,D,D,,,,,126,,,,ss-1e26
CON,"Arenado,N",590,10,19,35.3,55.3,74.8,8,8,-4,15,17,10,20.8,31.8,37.9,4.2,6,-4,18,5/12 (13-5),E,10,C,C,,,,115,,,,,3b-1e15
TBA,"Arroyo,C",53,38,12,22.5,34.6,41.6,2,4,4,0,29,15,22,37,31.8,0,w,4,0,-/- (---),E,12,D,D,,,404,324,,,,,2b-4e4 3b-3e24
MNA,"Astudillo,W",93,0,0,42.4,44.4,57.8,2.2,4,4,32,0,0,43.4,45.4,54.8,1.9,2,4,31,-/- (---),E,10,D,C,301,,571,465,,508,,,"c-3(0)e1,T-15(pb-0) 3b-4e65 2b-5e71 lf-5(+2)e8"
SDN,"Asuaje,C*",189,17,13,0,14,0,0,w*,0,17,24,14,15.8,30.8,30.2,2.8,w,2,17,7/11 (13-5),E,12,D,C,,,304,465,,,,,2b-3e4 3b-4e65
MNA,"Austin,T",244,48,10,13.7,25.7,44.1,9.8,8,2,6,56,5,13.5,20.5,30.5,4.5,7,2,7,"6,7/9-12 (13-4)",E,10,D,D,,404,,,,,,,1b-4e4
SFN,"Avelino,A",11,33,0,27.4,27.4,27.4,0,w,-9,0,26,0,35,35,35,0,w,-9,0,-/- (---),E,16,D,D,,,471,,420,,,,ss-4e20 2b-4e71
ARN,"Avila,A*",194,66,18,3.3,22.3,10.9,2.5,3*,0,8,56,24,3.3,28.3,9.5,1.9,3*,0,10,-/- (---),E,9,D,D,401,507,,,,,,,"c-4(-1)e1,T-3(pb-0) 1b-5e7"
SLN,"Bader,H",379,33,7,27.3,40.3,49.4,3.3,5,-10,0,42,6,22.5,34.5,29.9,1.5,2,-13,0,"*4,6/- (19-12)",B,17,D,C,,,,,,205,105,205,cf-1(-2)e5 rf-2e5 lf-2e5
CHN,"Baez,J",606,17,0,30.3,32.3,56,4.8,8,-8,13,35,0,28.3,30.3,55.2,4.4,7,-8,11,*2-6/- (17-13),A,17,A,C,,,113,331,226,,,,2b-1e13 ss-2e26 3b-3e31
MLN,"Bandy,J",64,27,7,7.2,27.1,7.2,0,w,-5,0,46,0,10.9,24,15.6,0.8,0,-5,0,-/- (---),E,8,D,D,401,,,,,,,,"c-4(0)e1,T-17(pb-9)"
LAN,"Barnes,A",200,32,14,18.1,38.2,23.4,1.8,3,-11,21,43,20,2.7,28.7,4,0,w*,0,18,*2-7/10 (15-8),C,13,D,D,203,,424,,,,,,"c-2(-2)e3,T-1(pb-0) 2b-4e24"
CLA,"Barnes,B",19,44,18,11.1,29.1,39.3,9.4,8,0,14,17,9,27,36,32.4,1.8,3,-8,27,-/- (---),E,14,D,D,,,571,,,,308,308,rf-3(-1)e8 cf-3e8 2b-5e71
CIN,"Barnhart,T+",460,34,11,22.2,34.2,34.8,2,w,-12,17,11,12,21.2,34.2,28.4,1,1,-13,19,"2-6,9/- (3-1)",E,10,B,B,101,426,,,,,,,"c-1(-1)e1,T-2(pb-1) 1b-4e26"
SLN,"Baron,S",5,0,0,0,0,0,0,w*,0,0,57,0,15.1,15.1,15.1,0,w,-9,0,-/- (---),E,9,D,D,401,,,,,,,,"c-4(+1)e1,T-20(pb-20)"
OAA,"Barreto,F",73,57,0,12.4,15.4,42.7,9.5,8,0,13,55,0,19.6,22.6,47,6.6,8,-3,11,-/- (---),E,14,D,D,,,418,,425,,,,2b-4e18 ss-4e25
TBA,"Bauers,J*",323,33,16,8.9,27,21.7,1.3,1*,0,3,34,23,11.1,36,24.1,1.9,4*,0,2,*2-7/10-12 (15-7),C,12,D,C,,212,,,,416,,416,1b-2e12 lf-4(+1)e16 rf-4e16
PHN,"Bautista,J",325,31,33,2.8,39.8,9.3,2,3*,0,0,36,25,10.1,39.2,24.3,2.6,3,6,0,4-6/11 (13-7),C,11,D,D,,418,571,410,,407,,407,rf-4(+1)e7 3b-4e10 lf-4e7 1b-4e18 2b-5e71
WAN,"Bautista,R",6,0,0,0,0,0,0,w*,0,34,15,0,0,0,0,0,w*,0,34,-/- (---),E,16,B,C,,,,,,208,308,,cf-3(+1)e8 lf-2e8
SEA,"Beckham,G",44,20,20,11.3,31.3,19.9,0,w,0,14,27,5,8,13,8,0,w,-5,18,3/- (20-6),D,12,D,D,,,312,413,417,,,,2b-3e12 3b-4e13 ss-4e17
BAA,"Beckham,T",369,29,10,17,29,29.5,2.2,4,-7,17,29,5,18.3,25.3,25.3,1.4,2,-11,19,7/10-12 (13-3),E,12,D,D,,,420,429,342,,,,ss-3e42 3b-4e29 2b-4e20
PIN,"Bell,J+",501,24,15,20,35,40.2,2.5,w,-1,17,13,19,20.3,39.3,30.4,1.3,1,-1,15,"4,5/8,10 (13-2)",D,11,D,C,,507,,,,,,,1b-5e7
LAN,"Bellinger,C*",557,30,11,16.8,28.8,28.8,2,3,-6,8,27,11,24.3,36.3,45,3.5,5,-10,8,*5/- (19-6),B,15,D,D,,204,,,,,306,406,1b-2e4 cf-3(-2)e6 rf-4e6
SFN,"Belt,B*",399,25,13,16.3,32.3,20.4,0,0,-7,0,26,11,22.7,36.7,37.4,3.5,7,-7,0,2/- (20-6),C,12,B,D,,113,,,,424,,,1b-1e13 lf-4(+1)e24
TEA,"Beltre,A",433,26,7,20.9,30.9,28.1,0.6,1,-4,20,16,7,24.9,34.9,37.4,2.3,4,-4,20,2/- (20-6),E,11,D,C,,,,224,,,,,3b-2e24
BOA,"Benintendi,A*",579,26,6,21,28,34.7,2,3,4,11,5,16,27.6,44.6,42.8,1,2,4,9,*6/- (19-11),A,15,C,B,,,,,,105,305,,lf-1(-2)e5 cf-3e5
TOA,"Berti,J",15,27,0,26.4,26.4,55.6,0,w,0,0,34,0,27.5,27.5,73.8,0,w,4,0,*3/- (20-11),D,16,D,D,,,432,,,,,,2b-4e32
BOA,"Betts,M",520,6,25,34,62,72.3,6,8,-9,4,9,16,32.8,51.8,57,4.2,7,-14,4,"*4,6/- (19-13)",A,17,D,C,,,424,,,,201,101,rf-1(-4)e1 cf-2e1 2b-4e24
NYA,"Bird,G*",272,29,12,14.4,30.5,32.1,4.2,5,-3,9,31,10,10.1,24.1,23.3,2.2,2*,0,9,-/- (---),E,10,D,D,,305,,,,,,,1b-3e5
CON,"Blackmon,C*",626,17,5,28.7,36.7,42.6,3.6,4,-7,11,17,11,24.6,38.5,45.3,3.6,4,-7,10,*7/- (17-6),B,14,B,C,,,,,,,401,,cf-4(+1)e1
SFN,"Blanco,G*",189,43,5,14.8,19.8,16.9,0,w,3,6,37,3,16.1,19.1,33,2.8,w,3,7,*2-5/- (18-13),B,15,D,D,,,,,,211,211,211,lf-2(0)e11 cf-2e11 rf-2e11
CIN,"Blandino,A",128,24,19,21.1,46.1,21.1,0,w,-8,17,41,6,18.1,30.1,28.1,2.2,w,-9,20,-/- (---),E,11,C,D,,425,314,331,448,425,,,2b-3e14 3b-3e31 ss-4e48 1b-4e25 lf-4(+2)e25
LAA,"Blash,J",39,58,24,0.9,24.9,1.8,0,w*,0,0,74,10,0,10,0,0,w*,0,0,*2-12/- (15-13),C,12,D,D,,,,,,413,,413,rf-4(0)e13 lf-4e13
BOA,"Bogaerts,X",513,21,24,19.4,45.4,38.2,1.5,w,2,14,12,7,25.4,34.4,49.8,4,7,3,20,5/- (16-6),C,14,D,C,,,,,312,,,,ss-3e12
KCA,"Bonifacio,J",236,36,30,14.4,46.3,32.9,2.4,w*,0,3,32,8,14.8,24.8,34,3.4,w,7,8,2-5/- (3-1),E,12,D,D,,,,,,406,,406,rf-4(0)e6 lf-4e6
MMN,"Bostick,C",16,59,13,13.9,26.9,24.9,0,w,0,0,56,18,5.2,23.1,8.4,0,w,0,0,-/- (---),E,13,C,D,,,420,,,402,,,2b-4e20 lf-4(+2)e2
CHN,"Bote,D",184,44,16,19.2,40.2,35.2,2.4,3,5,7,34,9,14.9,28.9,27.3,1.8,2,6,10,*3-7/9-12 (15-7),D,13,D,D,,416,329,216,414,410,,,3b-2e16 2b-3e29 ss-4e14 1b-4e16 lf-4(+1)e10
PHN,"Bour,J*",423,31,20,11,31.9,12.4,0.4,0,-7,15,29,19,15.9,35.8,30.6,4.6,8,-7,13,2/- (20-6),E,8,D,C,,506,,,,,,,1b-5e6
ATN,"Bourjos,P",44,41,0,14.2,14.2,31.4,1.3,2,4,0,49,2,11.6,13.6,24.3,0.8,0,4,0,-/- (---),E,15,D,D,,,,,,101,201,201,lf-1(-1)e1 cf-2e1 rf-2e1
BOA,"Bradley Jr,J*",474,51,3,10.1,18.1,19.4,0.6,1,-1,8,25,9,18.5,32.5,33.8,1.6,3,-1,8,*7/- (19-12),A,16,D,D,,,,,,,107,107,cf-1(-3)e7 rf-1e7
CLA,"Brantley,M*",570,0,0,29.7,31.7,33.8,0.8,1,-10,21,0,9,33.1,44.1,48.2,2,2,-9,18,*6/- (18-6),B,14,C,B,,,,,,301,,,lf-3(-2)e1
MLN,"Braun,R",405,13,11,15.6,27.6,42.6,6.4,8,0,14,19,4,23.4,28.4,39,2.8,5,-6,16,"*2-5,11,12/- (16-12)",B,14,C,C,,427,,,,302,,402,lf-3(0)e2 1b-4e27 rf-4e2
HOA,"Bregman,A",594,0,18,27.3,49.3,49.3,3.4,5,6,16,4,22,19.3,45.3,38.6,3.2,5,6,15,*7/- (16-6),C,15,C,B,,,341,116,320,425,,,3b-1e16 ss-3e20 2b-3e41 lf-4(+2)e25
LAA,"Briceno,J",117,29,10,25.9,38.9,59.6,11.3,8,-10,11,41,2,14.6,19.6,15.6,0,w,-10,13,"2-7,12/- (3-1)",E,10,D,D,301,430,,,,,,,"c-3(-1)e1,T-14(pb-4) 1b-4e30"
MMN,"Brinson,L",382,31,0,16,18,28.2,1.8,3,-3,12,41,0,12.5,14.5,21.5,1.8,4,-3,12,6/- (13-6),E,14,D,D,,,,,,,215,,cf-2(0)e15
ARN,"Brito,S*",40,6,0,7.8,7.8,7.8,0,w,-5,0,26,12,4.5,16.5,12,2.5,3,0,0,2-12/- (3-1),E,15,D,C,,,,,,204,,304,rf-3(-1)e4 lf-2e4
MLN,"Broxton,K",78,44,31,2.2,33.2,8.4,2,3*,0,0,42,12,8.4,20.3,27.5,4.4,8*,0,0,"*2-5,11,12/- (19-15)",B,16,D,D,,,,,,,105,105,cf-1(-2)e5 rf-1e5
NYN,"Bruce,J*",319,23,5,17.5,22.5,29.3,1.4,2,-3,4,20,15,15.6,30.6,25.8,1.6,2,-3,3,"4,5/8 (13-4)",D,11,D,D,,408,,,,,,405,rf-4(0)e5 1b-4e8
CHN,"Bryant,K",389,43,2,33.5,44.5,67.8,4.8,8,0,5,21,15,18.2,42.2,28.5,1,1,0,6,"2-5/8,9 (13-4)",D,14,D,D,,422,,321,,425,,425,3b-3e21 lf-4(0)e25 rf-4e25 1b-4e22
CON,"Butera,D",163,34,18,5.8,26.8,12.4,1.8,4*,0,16,15,5,10.4,18.4,23.6,2,w,0,18,-/- (---),E,9,D,C,304,425,,,,,,,"c-3(+1)e4,T-4(pb-3) 1b-4e25"
BOA,"Butler,D",6,0,0,0,0,0,0,w*,0,0,58,0,11.2,11.2,11.2,0,w,4,0,-/- (---),E,8,D,D,401,,,,,,,,"c-4(0)e1,T-20(pb-20)"
MNA,"Buxton,B",90,57,0,0,0,0,0,w*,0,7,36,0,8.4,8.4,14.6,0,w*,0,7,*7/- (20-13),B,16,B,D,,,,,,,102,,cf-1(-3)e2
PHN,"Cabrera,A+",546,15,2,22.8,25.8,28.3,1.5,1,3,22,22,5,23.2,29.2,44.2,3.6,6,3,22,-/- (---),E,11,D,C,,,410,421,407,,,,2b-4e10 ss-4e7 3b-4e21
DEA,"Cabrera,M",134,24,27,20.5,47.5,32.8,0,w,5,23,11,14,29.3,43.3,43.3,1.5,1,6,27,-/- (---),E,9,D,C,,405,,,,,,,1b-4e5
CLA,"Cabrera,M+",250,22,0,32,35,49.1,1.6,2,4,32,2,8,22.8,33.8,31.1,0.8,0,4,26,6/12 (13-5),E,11,D,D,,,,,,501,,501,rf-5(0)e1 lf-5e1
MLN,"Cain,L",539,0,15,42.1,60.1,52.4,1.2,2,-13,12,11,17,27.9,47.9,39.2,2.7,w,-13,12,"*5,6/- (19-13)",A,17,D,C,,,,,,,107,,cf-1(-4)e7
LAA,"Calhoun,K*",491,17,19,11.9,31,14.4,0.7,1,3,11,33,8,12.1,20.1,24.9,3.3,4,4,12,6/- (15-6),C,12,D,C,,,,,,,405,205,rf-2(-2)e5 cf-4e5
TEA,"Calhoun,W*",99,28,0,9.9,11.9,18.5,0,w*,0,16,21,5,19.3,26.3,25.9,1.2,2,4,16,-/- (---),E,10,D,C,,,,,,514,,,lf-5(+2)e14
ATN,"Camargo,J+",464,19,6,21.4,30.4,39.5,3.8,7,6,20,22,11,21.2,35.2,32.4,2,4,6,18,3/12 (13-5),E,11,D,D,,,371,216,321,,,,3b-2e16 ss-3e21 2b-3e71
DEA,"Candelario,J+",539,31,5,28,36,45.1,2.8,5,-12,2,33,16,9.4,28.4,18.5,1.8,2,-2,1,5/- (13-6),D,12,D,D,,,,412,,,,,3b-4e12
OAA,"Canha,M",365,21,4,23,33,58.2,9.8,8,2,21,23,11,15.6,32.6,23.1,0.5,1,2,19,7/10-12 (13-3),E,13,D,D,,412,,,,307,407,407,cf-4(0)e7 lf-3e7 rf-4e7 1b-4e12
SEA,"Cano,R*",310,0,15,29.4,47.3,44,0.8,1,-1,18,7,7,32.1,42.1,45.9,2.5,4,-1,19,-/- (---),E,11,D,B,,516,304,537,,,,,2b-3e4 1b-5e16 3b-5e37
CHN,"Caratini,V+",181,40,12,2.6,19.6,5.1,0,w*,0,18,17,0,24,29,35.2,3.1,w,-8,21,-/- (---),E,10,D,C,404,417,,534,,,,,"c-4(+2)e4,T-1(pb-3) 1b-4e17 3b-5e34"
SLN,"Carpenter,M*",564,24,23,15.1,40,35.9,4.3,7*,0,0,29,16,18.8,36.8,44.8,5.6,8,-2,0,3/- (16-6),D,10,A,C,,319,432,420,,,,,3b-4e20 1b-3e19 2b-4e32
CIN,"Casali,C",140,5,7,43.8,53.8,57.1,0.9,0,-10,24,27,8,24.3,35.3,38.5,2.3,2,-10,24,"2-9,12/- (3-1)",E,9,D,C,305,425,571,,,,,,"c-3(+1)e5,T-11(pb-2) 1b-4e25 2b-5e71"
DEA,"Castellanos,N",620,19,4,46.1,52.1,62,2.7,5,-8,8,26,6,25.1,33.1,45.1,2.3,3,-8,8,3/- (13-6),E,11,D,D,,,,,,,,503,rf-5(0)e3
CHA,"Castillo,W",170,21,7,27.4,36.3,35.6,2.8,4,-10,28,34,1,22.4,25.4,34.2,1.8,3,-11,27,2/- (20-6),E,9,D,D,301,,,,,,,,"c-3(0)e1,T-3(pb-4)"
CON,"Castro,D",46,0,0,20.5,20.5,25.8,1.8,2,4,32,9,0,2.8,2.8,5.7,0.8,0,0,32,-/- (---),E,12,D,C,,,222,,408,,,,2b-2e22 ss-4e8
DEA,"Castro,H*",10,0,0,0,0,0,0,w*,0,0,18,0,34.3,34.3,34.3,0,w,0,0,*3/- (20-11),D,14,C,C,,,416,,464,,,,2b-4e16 ss-4e64
MNA,"Castro,J*",63,81,10,0,13,0,0,w*,0,7,51,17,3.3,23.3,12.4,3,w*,0,19,-/- (---),E,10,D,D,201,,,,,,,,"c-2(-2)e1,T-4(pb-1)"
MMN,"Castro,S",593,16,10,30.5,40.5,47.1,2.7,w,-2,20,16,6,28.5,34.5,35.8,0.8,2,-2,22,7/12 (13-6),C,12,D,C,,,313,,,,,,2b-3e13
MNA,"Cave,J*",283,52,0,10.2,12.2,21.9,3.5,5,6,3,48,2,27.4,31.4,46,3,4,5,2,7/- (13-6),D,13,D,D,,,,,,309,309,309,cf-3(-1)e9 rf-3e9 lf-3e9
TEA,"Centeno,J*",37,42,0,3,3,3,0,w*,0,34,11,0,4.7,4.7,9.6,1.5,2,0,34,-/- (---),E,10,B,C,301,,,,,,,,"c-3(+2)e1,T-20(pb-4)"
PIN,"Cervelli,F",332,22,26,11.8,46.8,20.8,3,6,-2,10,19,17,19.8,45.8,32.8,1.8,3,-3,12,7/10 (13-4),D,10,B,B,302,430,,,,,,,"c-3(-1)e2,T-5(pb-2) 1b-4e30"
NYN,"Cespedes,Y",141,48,21,9.1,32,15.7,2,2,3,2,43,4,25.4,31.4,52.2,7.8,8,4,2,*4/- (20-6),C,10,D,D,,,,,,309,,,lf-3(-2)e9
OAA,"Chapman,M",547,29,10,28.3,41.3,41.3,0.9,2,-11,19,26,13,22.7,38.7,48.1,4,7,-5,17,5/10 (13-3),E,14,D,D,,,,123,,,,,3b-1e23
TEA,"Chirinos,R",360,38,19,8,37,19.6,2.8,5,8,11,48,13,8.6,31.6,20.4,3,5,9,10,2/- (20-6),E,10,D,D,301,,,,,,,,"c-3(+1)e1,T-5(pb-1)"
CLA,"Chisenhall,L*",84,29,8,28.5,41.5,40.3,0,w,-8,14,3,6,34.7,45.7,53.8,2.5,w,-8,18,2/- (20-6),D,12,D,C,,,,,,,,307,rf-3(-1)e7
TBA,"Choi,J*",190,44,9,0,12,0,0,w*,0,0,29,16,22.6,41.6,45.4,4.2,8,-6,0,2/- (20-6),D,10,D,C,,424,,,,512,,,1b-4e24 lf-5(+2)e12
TEA,"Choo,S*",560,31,15,15,34,26.1,2,w,-6,13,22,23,21.7,48.7,34.4,2.8,5,-12,11,3/- (17-6),C,12,C,C,,,,,,411,,411,rf-4(-1)e11 lf-4e11
TBA,"Ciuffo,N*",37,23,0,18,24,18,0,w,-3,20,41,10,7,22.9,13,1.8,3,-2,18,-/- (---),E,8,C,D,301,,,,,,,,"c-3(-1)e1,T-12(pb-15)"
NYN,"Conforto,M*",543,40,11,20,34,40.9,5.4,8,-7,10,26,18,16,37,27.9,3,6,-6,11,7/10 (13-4),D,12,D,C,,,,,,303,403,403,lf-3(0)e3 cf-4e3 rf-4e3
CHN,"Contreras,W",474,31,22,16,44,32.6,1,1,-2,17,20,9,21,36,29.3,0.6,0,-7,19,3/- (16-6),D,11,D,D,301,416,,,,425,,,"c-3(-3)e1,T-19(pb-2) lf-4(0)e25 1b-4e16"
MMN,"Cooper,G",33,31,5,28.5,39.4,28.5,0,w,0,18,43,18,9.4,33.3,11.3,0,w,0,17,-/- (---),E,9,D,D,,407,,,,409,,409,1b-4e7 lf-4(+1)e9 rf-4e9
CHA,"Cordell,R",37,60,0,11.8,17.8,42.2,9.3,8*,0,0,55,0,0,6,0,0,w*,0,0,-/- (---),E,15,D,D,,,,,,,403,303,cf-4(+2)e3 rf-3e3
SDN,"Cordero,F*",139,57,0,13,13,25.8,4.2,7,-2,3,51,16,17.8,33.8,35.9,4.2,7,-2,0,"*2-5,11,12/- (17-13)",B,16,D,D,,,,,,314,314,314,lf-3(-1)e14 cf-3e14 rf-3e14
HOA,"Correa,C",402,26,25,24.3,50.3,40.3,1.8,w,2,19,29,13,13.9,27.9,24.7,3,4,2,26,2/- (20-6),D,13,D,B,,,,,210,,,,ss-2e10
LAA,"Cowart,K+",112,53,7,0,9,0,0,w*,0,13,52,9,2.6,13.6,10.2,2.4,w*,0,13,3/- (20-6),E,14,D,D,,425,310,213,408,410,,,2b-3e10 3b-2e13 1b-4e25 ss-4e8 lf-4(+2)e10
LAA,"Cozart,Z",224,0,10,9.6,25.5,19.4,0.4,0*,0,20,16,8,18.4,32.3,29.6,1,0,-8,20,-/- (---),E,13,D,C,,,312,315,314,,,,2b-3e12 3b-3e15 ss-3e14
PHN,"Cozens,D*",38,90,0,0,0,0,0,w*,0,0,52,24,8.1,32,19.1,1.6,1*,0,0,*3/- (20-11),D,12,D,D,,,,,,402,,402,lf-4(0)e2 rf-4e2
SFN,"Crawford,B*",531,17,3,28.1,34.1,41.9,2.3,5,-12,18,23,5,20.8,28.8,29.6,0.8,2,-11,17,"5,6/9 (13-5)",D,13,D,C,,,,,119,,,,ss-1e19
PHN,"Crawford,J*",117,39,22,0,31,0,0,w*,0,8,34,8,15.4,32.4,35.8,1.8,1,5,10,4/- (20-6),D,12,B,D,,,,320,452,,,,ss-4e52 3b-3e20
TBA,"Cron,C",501,33,6,29.9,42.8,51.3,4,7,-14,13,29,5,15.1,27.1,35.2,5.4,8,-4,16,6/9 (13-3),E,10,D,D,,406,,,,,,,1b-4e6
SEA,"Cruz,N",519,21,15,18.6,38.6,44,6.9,8,-1,19,20,9,18.6,32.6,37,6.1,8,-1,19,2/- (20-6),E,10,D,D,,,,,,,,504,rf-5(0)e4
CIN,"Cruz,T",26,35,0,17.5,17.5,47,6.8,8*,0,34,95,0,0,0,0,0,w*,0,6,-/- (---),E,9,D,D,401,,,,,,,,"c-4(+2)e1,T-2(pb-0)"
CON,"Cuevas,N",146,2,0,20.2,22.2,25,1.3,0,-11,3,19,0,19.3,21.3,25.8,0,w,-11,3,2/- (20-6),E,14,D,D,,,,,,407,407,407,rf-4(0)e7 lf-4e7 cf-4e7
ATN,"Culberson,C",296,25,2,26,31,42.3,1.5,2,8,13,37,3,21.9,27.9,39.6,3.8,7,8,12,*2-5/- (15-11),C,13,D,D,,425,344,310,419,408,,408,3b-3e10 ss-4e19 lf-4(+1)e8 2b-3e44 rf-4e8 1b-4e25
KCA,"Cuthbert,C",103,36,6,19.4,29.4,27.4,1.2,2,-10,27,8,16,2.2,22.2,6.7,1.5,3,0,26,"2-7,11,12/- (3-1)",E,11,D,D,,418,,429,,,,,3b-4e29 1b-4e18
CON,"Dahl,D*",249,44,0,15.3,16.3,28,4.3,5,-9,13,26,4,25.7,30.7,53.7,5.9,8,-10,13,"*2-6,11/- (15-12)",B,15,D,D,,,,,,202,302,202,lf-2(-1)e2 rf-2e2 cf-3e2
SFN,"D'Arnaud,C",93,56,0,19.4,21.4,37.7,3.8,8,-7,0,53,8,2.8,12.8,5,0,w*,0,0,*3-7/- (15-12),C,15,D,D,,416,412,406,424,,,,2b-4e12 3b-4e6 1b-4e16 ss-4e24
NYN,"D'Arnaud,T",15,59,0,15.5,15.5,27.5,4,7,4,0,35,10,8.6,18.6,31.9,7.8,8*,0,0,-/- (---),E,11,D,D,416,,,,,,,,"c-4(+3)e16,T-18(pb-0)"
CHA,"Davidson,M",434,39,15,23,41,41.5,3.1,4,-2,10,50,15,9.8,27.8,21.7,3,5,-2,8,-/- (---),E,9,D,D,,408,,427,,,,,1b-4e8 3b-4e27
BAA,"Davis,C*",470,52,8,3.7,14.6,11.6,2.7,5*,0,6,55,6,5.9,14.9,10.7,1.6,3,6,6,2/- (20-6),E,10,D,D,,307,,,,,,,1b-3e7
HOA,"Davis,J",103,38,7,16.7,23.7,21.1,0,w,-9,21,27,14,3,17,11.8,3,w*,0,19,-/- (---),E,9,D,D,,407,,433,,509,,,3b-4e33 1b-4e7 lf-5(+2)e9
TOA,"Davis,J",25,25,0,19.3,27.3,21.8,0,w,-8,30,21,0,6.7,14.7,8.7,0,w,-3,31,*5/- (20-13),B,16,C,C,,,,,,322,322,,cf-3(+2)e22 lf-3e22
OAA,"Davis,K",576,39,15,12.6,31.6,38.1,7.6,8*,0,17,31,9,19.3,32.3,54.7,10.4,8,-2,17,-/- (---),E,12,D,D,,,,,,401,,,lf-4(+3)e1
CLA,"Davis,R",196,23,3,16.6,23.6,19.9,0,w,-10,5,28,2,18.1,24,30.5,2,w,-8,5,*2-7/- (18-16),A,17,B,D,,,,,,204,304,304,cf-3(-1)e4 lf-2e4 rf-3e4
CHN,"Davis,T",5,0,0,0,0,0,0,w*,0,0,16,0,56.4,56.4,56.4,0,w,-9,0,-/- (---),E,9,C,D,401,402,,,,,,,"c-4(+1)e1,T-20(pb-0) 1b-4e2"
MMN,"Dean,A",113,1,8,12.3,24.3,23.5,0,w*,0,4,16,4,16.8,24.8,27.9,3.7,7,1,4,2/- (20-6),E,12,D,D,,,,,,306,,,lf-3(0)e6
SLN,"Dejong,P",436,41,15,11.3,32.3,20.9,1.4,2,1,6,26,5,18.9,29.9,37,3.8,7,1,9,4/12 (13-5),E,12,D,D,,,,,317,,,,ss-3e17
CHA,"Delmonico,N*",284,55,17,5.2,26.2,13.6,0,w*,0,15,26,6,17,27,30.1,1.9,2,-7,19,"4,6/8,10 (13-3)",E,12,D,D,,428,,,,410,,,lf-4(+1)e10 1b-4e28
NYN,"Den Dekker,M*",18,93,0,0,0,0,0,w*,0,0,73,12,0,12,0,0,w*,0,0,-/- (---),E,15,D,D,,,,,,,202,,cf-2(-2)e2
ARN,"Descalso,D*",349,44,15,16.4,32.4,28,2.3,3,-6,0,31,24,13.4,38.5,30.2,2.3,3,0,0,7/- (3-1),E,13,D,C,,430,415,411,,425,,,2b-4e15 3b-4e11 1b-4e30 lf-4(+1)e25
TEA,"Deshields,D",334,10,15,18.3,35.3,26.2,1.6,w,-3,0,28,17,9,28,14.6,0.8,w,-3,0,*2-5/- (19-13),A,17,A,C,,,,,,,212,,cf-2(+1)e12
CON,"Desmond,I",555,17,5,23.3,30.3,42.9,4,5,3,22,29,13,11.8,26.8,24.6,2.3,2,2,20,*2-5/- (18-13),A,16,D,C,,308,,,428,407,407,,1b-3e8 lf-4(-1)e7 ss-4e28 cf-4e7
BOA,"Devers,R*",450,26,3,19.8,22.8,28.7,1.8,3,-7,16,31,5,18.4,23.4,38.3,4.8,8,-6,16,"4,5/- (14-6)",C,13,D,D,,,,434,,,,,3b-4e34
TOA,"Diaz,A",422,10,8,19.8,29.8,33.2,3.8,6,-7,16,3,0,25.4,27.4,42,2.7,5,-8,17,"5,6/8 (13-5)",D,13,D,B,,,,311,412,,,,ss-4e12 3b-3e11
PIN,"Diaz,E",252,0,0,37.5,38.5,57.8,4.4,8,-3,12,12,12,22.6,35.6,32.8,2.4,4,-2,10,"5,6/- (3-1)",E,10,D,C,208,,,,,,,,"c-2(-1)e8,T-20(pb-0)"
CLA,"Diaz,Y",109,9,4,29.8,33.8,40.6,0,w,0,33,12,13,35,48,53.4,3.1,w,0,28,-/- (---),E,12,D,C,,410,,430,,,,,1b-4e10 3b-4e30
PIN,"Dickerson,C*",504,17,0,33.2,35.2,50.4,1.6,w,-8,22,6,0,32.4,34.4,51,1.8,2,-8,21,*7/- (17-6),C,13,C,C,,,,,,201,,,lf-2(+1)e1
MMN,"Dietrich,D*",499,41,0,17.3,26.3,33.3,4.5,8,-8,5,27,2,27.3,38.3,37.3,1.3,2,-15,5,2/- (20-6),E,12,D,C,,417,410,416,,502,,,lf-5(+1)e2 1b-4e17 2b-4e10 3b-4e16
WAN,"Difo,W+",408,29,4,5.1,10.1,14.5,2.2,w*,0,16,13,7,21.9,29.9,31.3,0.4,0,-7,14,"*4,6/- (17-11)",B,15,C,C,,,305,320,318,,516,,2b-3e5 3b-3e20 ss-3e18 cf-5(0)e16
CIN,"Dixon,B",118,41,0,8,8,22.5,3.4,4*,0,15,54,6,8.4,14.4,22.5,3,4*,0,12,-/- (---),E,14,D,D,,309,432,441,,410,,410,1b-3e9 rf-4(+1)e10 2b-4e32 3b-4e41 lf-4e10
CLA,"Donaldson,J",187,35,22,21,43,42.4,3.7,6,-5,12,26,20,14.6,34.5,29.8,2.5,3,-2,9,2/- (20-6),D,12,D,D,,430,,319,,,,,3b-3e19 1b-4e30
LAN,"Dozier,B",553,21,22,12.4,36.4,20.3,0.4,0,-1,12,19,13,11.1,26,25.3,3.1,5,-1,14,*7/- (18-11),B,14,D,C,,,214,,,,,,2b-2e14
KCA,"Dozier,H",362,35,18,10.4,29.4,19.9,0,w,0,15,36,0,19.6,20.6,37.5,3.3,7,-9,23,"4,5/8 (13-4)",D,12,D,D,,413,,314,,,,409,1b-4e13 3b-3e14 rf-4(+1)e9
TOA,"Drury,B",77,34,4,8.8,17.8,16.1,0,w*,0,30,20,13,5.8,23.8,9.6,0.3,0*,0,27,-/- (---),E,12,D,D,,525,415,350,416,,,,3b-3e50 2b-4e15 1b-5e25 ss-4e16
ATN,"Duda,L*",328,47,0,8.4,13.4,12.5,1.4,2,4,11,32,8,19.3,32.3,35.2,3.6,7,3,9,2/- (20-6),E,9,D,D,,408,,,,,,,1b-4e8
TBA,"Duffy,M",503,15,14,27.3,44.3,33.3,1.5,w,-2,16,10,8,30.8,41.8,39.2,1.5,w,-2,17,"*2-5,11,12/- (15-11)",B,13,D,C,,,,318,440,,,,3b-3e18 ss-4e40
SFN,"Duggar,S*",141,40,6,29.2,35.2,42.6,1.2,3,6,0,38,2,20.7,22.7,40.9,2.1,w,6,0,"*4,6/- (19-12)",B,15,D,D,,,,,,,208,,cf-2(-1)e8
ATN,"Duvall,A",384,28,11,6,20,15.3,3.1,4,5,16,36,8,12.2,23.2,26.7,2.5,3*,0,16,"4,6/11 (13-6)",D,12,D,D,,426,,539,,202,,,lf-2(-2)e2 1b-4e26 3b-5e39
ARN,"Dyson,J*",206,22,14,7.6,21.6,14.6,0,w,0,9,3,14,8.2,22.2,16.8,2.2,w,-2,9,"*2-5,11,12/- (19-15)",A,17,B,C,,,,,,106,106,106,cf-1(-2)e6 rf-1e6 lf-1e6
WAN,"Eaton,A*",319,25,3,17.2,27.2,21.4,0,w,-4,1,12,13,29.8,49.8,35.2,0,0,-4,0,*5/- (19-6),B,14,A,D,,,,,,307,,307,rf-3(-1)e7 lf-3e7
SDN,"Ellis,A",151,19,21,26.9,48.9,34.5,2.5,w,-3,6,21,23,19.8,43.8,27.8,0,w,-3,6,-/- (---),E,8,C,C,301,,,,,525,,,"c-3(+2)e1,T-3(pb-2) lf-5(+2)e25"
CLA,"Encarnacion,E",500,21,26,7.2,36.2,16.2,3,6,4,13,28,11,16.6,30.6,37.5,6.2,8,5,19,2/- (20-6),D,10,D,B,,408,,,,,,,1b-4e8
CHA,"Engel,A",429,31,0,19.9,23.9,31.3,0,w,-9,0,39,0,21.8,25.8,25.3,0.3,0,-16,0,*2-9/- (15-13),B,15,A,D,,,,,,,109,,cf-1(-1)e9
CIN,"Ervin,P",218,35,6,19.9,30.9,37.1,2.5,3,-4,15,24,10,22.4,37.3,29.7,1.8,1,-4,15,*7/- (19-11),B,14,D,D,,,,,,309,409,309,lf-3(0)e9 rf-3e9 cf-4e9
KCA,"Escobar,A",485,12,3,19.6,24.6,33.5,1.5,w,0,22,4,4,17.5,23.5,26,1.8,w,0,22,*6/- (18-6),C,14,C,B,,,341,218,314,,425,,ss-3e14 3b-2e18 cf-4(-1)e25 2b-3e41
ARN,"Escobar,E+",566,15,12,23.5,37.5,32.4,1.4,1,2,15,24,2,23.5,27.5,49.5,3.2,5,2,17,"4,6/8-12 (13-3)",D,13,D,C,,,313,206,408,,,,3b-2e6 ss-4e8 2b-3e13
NYN,"Evans,P",21,52,17,1,18,1,0,w*,0,31,48,7,1.4,8.4,1.4,0,w,4,29,*3/- (20-11),D,10,D,D,,425,422,416,,425,,,1b-4e25 3b-4e16 2b-4e22 lf-4(+2)e25
LAN,"Farmer,K",68,27,0,22,31,34.8,0,w,4,10,7,12,11.9,32.9,19.3,0,w,3,8,-/- (---),E,10,D,C,416,416,,411,,,,,"3b-4e11 c-4(0)e16,T-20(pb-0) 1b-4e16"
CIN,"Federowicz,T",40,50,7,19.5,26.5,39,0,w*,0,16,62,0,16.3,16.3,36.3,2.5,3,4,17,-/- (---),E,9,D,D,414,,,,,,,,"c-4(+2)e14,T-1(pb-2)"
LAA,"Fernandez,J*",116,18,0,25.5,27.5,31.3,0,w,2,13,0,3,27.9,32.9,39,0.8,0,2,13,2/- (20-6),E,10,D,D,,404,412,410,,,,,1b-4e4 2b-4e12 3b-4e10
MNA,"Field,J",221,29,0,17.8,20.8,43.5,5,8,0,10,50,0,15.4,18.5,24.4,1.8,2,-7,10,*5/- (20-6),C,13,D,C,,,,,,303,303,303,lf-3(-1)e3 rf-3e3 cf-3e3
HOA,"Fisher,D*",79,71,7,7.4,14.4,27.6,5.4,8*,0,0,80,3,4.7,7.7,17.4,3.7,6*,0,0,*4/- (20-11),C,16,D,D,,,,,,304,404,404,lf-3(+2)e4 cf-4e4 rf-4e4
ATN,"Flaherty,R*",161,17,0,18.1,19.1,18.1,0,w,-11,24,27,9,14.8,24.8,25.9,2.8,w,-7,21,"*2-6,11/- (15-12)",C,12,D,C,,425,404,310,,,,,3b-3e10 1b-4e25 2b-4e4
LAA,"Fletcher,D",284,0,5,24.2,31.2,37.2,1.8,w,7,18,0,2,29.5,33.5,39.4,0,w,7,19,2/- (20-6),C,13,C,B,,,204,306,312,,,425,2b-2e4 3b-3e6 ss-3e12 rf-4(+2)e25
NYN,"Flores,W",386,0,4,19.5,26.5,31.5,1.4,w,5,17,0,7,26.8,36.8,42.5,2.8,4,5,16,-/- (---),E,9,D,B,,407,411,462,,,,,1b-4e7 2b-4e11 3b-4e62
PHN,"Florimon,P+",71,56,6,20,26,29.7,0,w,-7,0,63,4,18.2,22.2,42.6,2.3,2*,0,0,"*2-6,11,12/7-10 (15-4)",D,13,D,D,,,304,414,328,,411,411,ss-3e28 2b-3e4 3b-4e14 cf-4(+2)e11 rf-4e11
ATN,"Flowers,T",251,26,25,20.2,52.2,29.8,3.2,6,-7,13,31,15,10.9,32.9,15.7,1,1,-6,15,-/- (---),E,9,D,D,301,,,,,,,,"c-3(+2)e1,T-1(pb-4)"
LAA,"Fontana,N*",11,96,0,0,0,0,0,w*,0,0,47,18,7.8,25.8,31.2,7.8,8*,0,0,-/- (---),E,13,B,D,,,304,310,388,,,,2b-3e4 ss-3e88 3b-3e10
MNA,"Forsythe,L",371,18,12,13.8,27.8,18.9,1.4,w,8,17,19,13,18,33,24,0.8,w,8,17,2/- (20-6),D,13,D,C,,422,213,362,,,,,2b-2e13 3b-3e62 1b-4e22
OAA,"Fowler,D*",192,0,0,4.7,5.7,4.7,0,w,6,6,28,0,18.1,19.1,27.3,2,4,6,6,"*3-8,10/11 (15-11)",B,15,D,C,,,,,,303,303,403,cf-3(-1)e3 lf-3e3 rf-4e3
SLN,"Fowler,D+",289,34,15,3.3,20.3,9.6,1.9,3*,0,1,24,15,6.1,23.1,9.8,0.9,1,1,2,"*4,5/- (16-6)",C,13,D,C,,,,,,,,409,rf-4(+1)e9
PHN,"Franco,M",433,2,5,18.3,23.3,27.3,2.3,3,-8,25,4,1,29.2,30.2,47.9,4.6,6,-8,26,2/- (20-6),E,10,D,B,,,,422,,,,,3b-4e22
MLN,"Franklin,N+",2,0,0,0,0,0,0,w*,0,0,0,0,0,0,0,0,w*,0,0,-/- (---),E,14,D,D,,,432,,,,,,2b-4e32
PIN,"Frazier,A*",318,23,0,17.5,19.5,26,0.3,0,7,5,6,8,25.7,35.7,43.5,2.3,3,7,4,7/9-12 (13-1),E,13,D,C,,,418,,,315,415,315,2b-4e18 lf-3(+1)e15 rf-3e15 cf-4e15
NYA,"Frazier,C",34,23,24,24.4,59.4,34.4,0,w,-6,16,46,14,17.8,42.8,27.8,0,w,-6,10,-/- (---),E,13,D,D,,,,,,303,403,,lf-3(0)e3 cf-4e3
NYN,"Frazier,T",408,34,16,8.9,29,13.8,1.6,1,6,16,23,13,11.9,28.9,27.5,3.8,6,6,16,*2-5/- (16-11),B,12,D,D,,,,318,,,,,3b-3e18
ATN,"Freeman,F*",618,18,12,29.4,43.4,49.9,4,7,3,12,16,10,30.1,42.1,45.9,1.8,2,3,12,*5/- (17-6),B,13,D,B,,107,,,,,,,1b-1e7
LAN,"Freese,D",280,24,11,30.9,45.8,42.2,2.3,4,3,23,27,4,24.5,32.5,40,3.4,6,3,25,-/- (---),E,10,D,D,,424,,315,,,,,3b-3e15 1b-4e24
SEA,"Freitas,D",93,22,2,17,19,28,0,w,-3,17,33,13,15.2,28.1,30.3,3.4,w,-4,15,-/- (---),E,8,D,D,405,525,,,,,,,"c-4(+1)e5,T-8(pb-3) 1b-5e25"
LAN,"Gale,R",2,88,0,0,0,0,0,w*,0,0,57,0,0,0,0,0,w*,0,0,-/- (---),E,9,C,D,301,,,,,,,,"c-3(+2)e1,T-20(pb-0)"
KCA,"Gallagher,C",63,37,11,6.7,20.7,11.3,0,w,4,10,17,0,15,18,21.6,1,1,4,12,-/- (---),E,9,C,C,309,,,,,,,,"c-3(0)e9,T-1(pb-0)"
TEA,"Gallo,J*",500,60,9,13.2,23.2,51.6,12.5,8*,0,0,49,21,8.9,30.9,29.1,5.8,8*,0,0,"4,6/9 (13-5)",D,13,C,D,,305,,,,303,403,303,lf-3(-3)e3 1b-3e5 rf-3e3 cf-4e3
MMN,"Galloway,I",64,33,25,16.4,41.4,43.4,8.5,8,3,0,35,13,6.8,19.9,16.4,1.5,2*,0,0,"*2-6,11,12/7 (15-7)",D,15,C,D,,,,,,208,308,208,cf-3(-1)e8 rf-2e8 lf-2e8
SDN,"Galvis,F+",602,10,0,31.6,32.6,47.8,0.8,1,-3,9,32,7,17.2,25.2,23.3,0.8,1,-3,8,"*2-6,12/11 (15-8)",C,13,C,C,,,220,,110,,,,ss-1e10 2b-2e20
SEA,"Gamel,B*",257,33,1,18.5,22.5,26.4,0,w,7,12,18,15,26.1,44.1,38.8,1,w,6,9,"*5,6/- (16-11)",B,14,D,C,,425,,,,307,407,307,lf-3(0)e7 rf-3e7 cf-4e7 1b-4e25
CHA,"Garcia,A",356,33,5,26.9,33.9,45.3,2.2,3,-9,16,34,2,14.1,18.1,28.4,4.6,8,-7,19,5/- (15-6),D,12,D,D,,,,,,,,404,rf-4(-2)e4
SFN,"Garcia,A",63,63,0,21.6,21.6,33.2,3.8,8,-9,8,53,0,34,34,63,9.7,8,-9,6,-/- (---),E,8,D,D,310,417,,,,,,,"1b-4e17 c-3(0)e10,T-20(pb-0)"
SLN,"Garcia,A",17,59,0,0,0,0,0,w*,0,0,61,0,12.3,12.3,24.5,0,w*,0,0,-/- (---),E,14,D,D,,,,,,,425,325,rf-3(-2)e25 cf-4e25
SLN,"Garcia,G*",181,48,0,8.2,13.2,13,1.6,w,-5,13,11,12,15.7,32.7,27.1,3.2,w,-6,10,7/- (15-6),C,12,C,C,,,408,447,426,,,,2b-4e8 ss-4e26 3b-4e47
CHA,"Garcia,L+",258,28,0,34.3,36.3,50.5,2.5,w,8,4,33,0,23.7,25.7,37,3.5,w,8,4,"*4,5/- (19-13)",A,15,B,D,,,418,410,425,312,312,312,lf-3(-1)e12 cf-3e12 rf-3e12 2b-4e18 ss-4e25 3b-4e10
NYA,"Gardner,B*",530,21,11,21.6,34.6,25.2,1.2,1,-10,5,12,14,18.8,34.8,29.6,0.8,0,-9,5,*6/- (19-11),A,17,C,C,,,,,,104,204,,lf-1(-1)e4 cf-2e4
CHA,"Garneau,D",2,0,0,51.6,51.6,51.6,0,w,4,0,0,36,0,36,0,0,0*,0,0,-/- (---),E,9,D,D,316,,,,,,,,"c-3(-1)e16,T-20(pb-0)"
MNA,"Garver,M",302,14,7,19.5,27.6,33,2,w,8,19,27,11,25.1,37.1,37.4,1.3,2,8,17,-/- (---),E,10,D,C,402,430,,,,,,,"c-4(+2)e2,T-7(pb-4) 1b-4e30"
HOA,"Gattis,E",407,9,4,15.9,21.9,43,8.1,8,10,22,33,9,11.4,22.4,24.7,3.6,6,10,22,2/- (20-6),E,9,D,C,516,,,,,,,,"c-5(+2)e16,T-15(pb-0)"
CIN,"Gennett,S*",584,20,4,32,38,43.4,1.5,2,-2,15,19,3,33.8,38.8,48.6,3.2,4,-2,19,5/- (13-6),D,12,B,C,,,413,,,,,,2b-4e13
BAA,"Gentry,C",156,16,4,25.4,30.4,42.5,2.7,w,6,9,13,8,25.6,34.6,30.4,0,w,6,8,*4-6/- (19-15),A,17,B,C,,,,,,207,207,207,rf-2(-2)e7 lf-2e7 cf-2e7
DEA,"Gerber,M*",42,70,14,0,14,0,0,w*,0,17,76,8,0,8,0,0,w*,0,17,-/- (---),E,12,D,D,,,,,,301,401,401,lf-3(0)e1 cf-4e1 rf-4e1
MNA,"Gimenez,C",57,0,33,11.8,48.8,23.2,3.8,7,-6,15,34,9,12.3,25.3,17.7,1.8,2,-8,20,3/- (20-6),D,10,D,D,304,430,,537,,,,,"c-3(0)e4,T-20(pb-0) 1b-4e30 3b-5e37"
KCA,"Goins,R*",115,45,0,15.6,15.6,21.2,0,w,-8,14,24,0,19.9,19.9,32.5,0,w,-7,14,-/- (---),E,12,B,D,,,206,311,308,,,,2b-2e6 3b-3e11 ss-3e8
ARN,"Goldschmidt,P",593,20,20,23.1,45.1,46.1,5,8,-10,5,33,16,26.3,44.2,45.6,3.8,7,-12,6,"4,5/- (13-6)",C,15,D,D,,106,,,,,,,1b-1e6
CLA,"Gomes,Y",403,33,7,27.4,38.4,43.5,2,4,-13,3,36,0,22.6,26.6,37.2,2.8,5,-11,6,-/- (---),E,11,D,D,205,,,,,,,,"c-2(-2)e5,T-12(pb-2)"
TBA,"Gomez,C",360,33,0,8.6,20.6,14.8,0,0,0,11,26,7,13.8,32.8,20.5,1.2,2,0,10,"*5,6/- (19-13)",B,13,C,D,,,571,,,,312,212,rf-2(-2)e12 cf-3e12 2b-5e71
SFN,"Gomez,M+",15,58,0,34,34,34,0,w,-9,0,38,0,24.5,24.5,24.5,0,w,-9,0,-/- (---),E,9,D,D,,,423,,,,,,2b-4e23
CHA,"Gonzalez,A",9,69,0,22.9,22.9,22.9,0,w,4,0,61,0,0,0,0,0,w*,0,0,-/- (---),E,9,D,D,416,,,,,,,,"c-4(0)e16,T-20(pb-15)"
NYN,"Gonzalez,A*",169,29,0,20.9,21.9,20.9,0,w,1,22,15,4,18.6,23.6,28.8,3,5,1,22,-/- (---),E,8,D,C,,304,,,,,,,1b-3e4
CON,"Gonzalez,C*",463,16,1,24.7,25.7,41.6,2.3,2,-5,7,28,7,26,33,43.5,2.3,3,-5,6,7/- (14-6),C,13,D,C,,,,,,,,203,rf-2(-3)e3
CLA,"Gonzalez,E",136,27,0,25.3,28.3,31.2,0.3,0,-7,0,28,0,26,29,42.8,0,w,-7,0,*4/- (20-6),C,14,B,D,,425,365,217,320,,,,2b-3e65 3b-2e17 ss-3e20 1b-4e25
HOA,"Gonzalez,M+",489,22,5,26,32,37.9,1.5,2,3,22,29,13,16.8,30.8,26.5,1.8,3,2,20,6/10 (13-4),D,13,B,C,,210,308,365,332,303,,403,lf-3(-3)e3 ss-3e32 2b-3e8 1b-2e10 3b-3e65 rf-4e3
DEA,"Goodrum,N+",444,15,12,26.8,40.8,40.8,1.5,w,1,14,42,7,15.4,24.4,32.6,3,5,1,13,"*5,6/- (17-12)",B,15,D,D,,319,323,439,438,309,,409,2b-3e23 1b-3e19 lf-3(+2)e9 3b-4e39 ss-4e38 rf-4e9
KCA,"Goodwin,B*",159,43,18,1.9,23.9,6.8,1.6,3*,0,0,45,8,19.5,31.5,30,2.5,4,-2,0,"*2-6,11/- (15-12)",C,13,C,D,,,,,,308,308,308,cf-3(-1)e8 lf-3e8 rf-3e8
KCA,"Gordon,A*",506,21,11,13.5,28.4,17.6,1.3,w,4,8,24,7,20.3,31.3,30.6,1.8,3,5,9,*6/- (19-6),B,13,D,B,,,,,,102,302,302,lf-1(-3)e2 cf-3e2 rf-3e2
SEA,"Gordon,D*",556,3,0,29.3,32.3,31.8,0,w,-15,14,5,0,30.3,33.3,42.8,2,w,-15,14,"*2-6,11/- (17-14)",A,17,A,B,,,121,,334,,417,,2b-1e21 cf-4(+1)e17 ss-3e34
CHN,"Gore,T",5,0,0,2.2,2.2,2.2,0,w,0,0,44,0,21.6,21.6,21.6,0,w,-9,0,"*4,5/- (20-13)",A,17,A,D,,,,,,403,,,lf-4(+2)e3
CIN,"Gosselin,P",24,16,10,26.8,36.8,91.5,21.6,8,-3,27,43,18,0,18,0,0,w*,0,25,-/- (---),E,12,D,D,,430,308,405,,425,,,3b-4e5 lf-4(+2)e25 1b-4e30 2b-3e8
LAN,"Grandal,Y+",440,43,20,10.3,32.3,22.6,2,3*,0,13,23,20,15.4,37.3,31.4,4,6,-1,15,4/- (13-6),E,8,D,D,306,430,,,,,,,"c-3(-1)e6,T-6(pb-3) 1b-4e30"
MLN,"Granderson,C*",343,42,16,4.3,22.4,7.1,0,w*,0,3,32,19,16.7,37.7,31,2.3,4,-5,3,4/- (13-6),E,11,D,D,,,,,,410,410,410,rf-4(+2)e10 lf-4e10 cf-4e10
MNA,"Graterol,J",8,0,10,32,42,32,0,w,-8,0,0,19,14.7,33.7,14.7,0,w,-7,0,-/- (---),E,9,D,C,301,,,,,,,,"c-3(0)e1,T-3(pb-0)"
NYA,"Gregorius,D*",504,0,7,29.1,39.1,40.1,2.5,3,-16,11,4,8,21.5,32.5,41,4.3,6,-9,11,*2-6/- (15-12),C,13,B,C,,,,,108,,,,ss-1e8
DEA,"Greiner,G",96,7,32,23.4,55.4,28.2,0,w,3,0,43,23,8.1,31.1,14.3,0,w,3,0,"2-6,9/- (3-1)",E,9,D,D,405,,,,,,,,"c-4(+1)e5,T-1(pb-3)"
TOA,"Grichuk,R",424,34,5,21.6,30.6,42,3.8,7,-6,7,31,4,18.1,26.1,44.8,5.4,8*,0,8,7/12 (13-6),D,13,D,D,,,,,,301,301,201,rf-2(0)e1 cf-3e1 lf-3e1
MNA,"Grossman,R+",396,15,27,30.3,58.3,44.9,2.5,w,0,0,16,14,19.8,34.8,33.4,2,w,0,0,6/- (3-1),E,11,D,C,,,,,,407,,407,rf-4(+2)e7 lf-4e7
SDN,"Guerra,J*",16,70,15,0,15,0,0,w*,0,0,46,29,4.2,33.1,4.2,0,w,3,0,-/- (---),E,12,C,D,,,,465,368,,,,ss-3e68 3b-4e65
CIN,"Guerrero,G",18,59,0,6.2,6.2,21.2,5,7*,0,0,70,0,4.8,4.8,18.6,4.6,6*,0,0,-/- (---),E,12,D,D,,,,,,,325,,cf-3(-1)e25
NYN,"Guillorme,L*",67,0,0,19,19,23.8,0,w,3,11,0,19,10.7,29.7,10.7,0,w,3,8,3/- (20-6),D,11,D,C,,,310,415,,,,,3b-4e15 2b-3e10
TOA,"Gurriel,L",249,16,0,32.8,34.8,45,3.1,5,5,4,27,0,24.6,26.6,35.1,3.4,5,5,4,"5,6/8,9 (13-4)",E,13,C,C,,,415,,429,,,,ss-4e29 2b-4e15
HOA,"Gurriel,Y",537,2,4,34.9,40.9,48.9,2.8,5,12,29,0,0,27,29.1,45.3,3.4,w,13,30,3/- (17-6),D,11,D,B,,307,414,408,488,,,,1b-3e7 3b-4e8 2b-4e14 ss-4e88
CLA,"Guyer,B",194,18,12,11.3,34.3,26.9,3,6,4,15,30,0,5.8,16.8,11.7,0.9,0,4,18,"4,6/11 (13-6)",E,13,B,D,,,,,,309,309,309,rf-3(-1)e9 lf-3e9 cf-3e9
TEA,"Guzman,R*",387,29,2,12.8,18.8,20.4,2.3,3,1,17,36,8,16.6,28.6,30.7,2.8,5,1,14,2/- (20-6),E,11,D,C,,209,,,,,,,1b-2e9
SLN,"Gyorko,J",351,10,16,26.3,44.3,44.5,4,7,9,21,19,16,17.5,35.5,25.3,1,1,9,21,2/- (20-6),E,11,D,C,,425,456,322,488,,,,3b-3e22 2b-4e56 ss-4e88 1b-4e25
CLA,"Haase,E",16,50,0,2.7,15.7,2.7,0,w*,0,30,46,0,0,13,0,0,w*,0,29,-/- (---),E,10,D,D,416,,,,,,,,"c-4(+1)e16,T-20(pb-0)"
CIN,"Hamilton,B+",504,36,9,14.4,23.4,31.3,2.8,w,-4,0,26,8,21.9,29.9,31.4,1.2,w,-6,0,*2-6/- (18-14),A,17,D,D,,,,,,,102,,cf-1(-3)e2
CON,"Hampson,G",40,1,25,20.9,50.9,20.9,0,w,3,0,33,24,19.8,48.8,40.2,0,w,3,0,*4/- (20-11),C,16,C,D,,,362,,429,,416,,2b-3e62 ss-4e29 cf-4(+2)e16
SEA,"Haniger,M",596,27,12,33.1,48.1,49.5,0.9,0,-6,7,22,13,23.5,39.5,40.3,3.6,6,-6,8,5/- (16-6),C,13,D,C,,,,,,308,408,308,rf-3(-2)e8 cf-4e8 lf-3e8
SFN,"Hanson,A+",294,39,0,7.6,8.6,12.3,0,w,9,10,21,0,25.6,26.6,48,2.8,5,9,10,"*2-5,11,12/- (16-12)",B,16,C,C,,,419,419,410,416,,416,2b-4e19 lf-4(-1)e16 ss-4e10 3b-4e19 rf-4e16
CHN,"Happ,I+",387,64,13,10,24.9,13.9,1.3,2,-7,7,45,21,15.1,38,28.9,2.5,5,-5,10,*4-6/- (15-11),B,14,D,C,,425,411,426,,404,404,404,cf-4(0)e4 lf-4e4 3b-4e26 rf-4e4 1b-4e25 2b-4e11
WAN,"Harper,B*",550,24,28,14.6,44.5,34.3,4,6,0,5,32,26,12.8,40.8,32.9,5,8,0,5,*6/- (18-6),B,13,D,C,,,,,,,403,303,rf-3(-2)e3 cf-4e3
PIN,"Harrison,J",344,17,1,17,21,34.3,3.4,6,4,19,14,2,23.3,28.3,25.3,0.2,0,4,19,2/- (20-6),D,13,B,C,,,312,414,,,,,2b-3e12 3b-4e14
SDN,"Headley,C+",52,42,0,0,8,0,0,w*,0,31,47,18,0,26,0,0,w*,0,24,-/- (---),E,11,D,D,,404,,422,,,,,3b-4e22 1b-4e4
SEA,"Healy,R",493,23,7,12.6,20.6,20.5,2.4,4,1,28,22,1,20.3,22.3,33.4,4.2,7,1,31,-/- (---),E,10,D,D,,410,,462,,,,,1b-4e10 3b-4e62
NYA,"Hechavarria,A",296,3,3,30.2,33.2,34.7,0.9,w,-2,19,20,1,19.6,20.6,25.7,1.4,2,-2,20,2/- (20-6),D,12,D,C,,,,237,208,,,,ss-2e8 3b-2e37
SDN,"Hedges,A",303,49,3,12.3,16.3,26,4.6,8,-5,22,29,5,19.4,25.5,37.8,3.2,5,-6,22,3/- (20-6),D,9,D,D,106,,,,,,,,"c-1(-1)e6,T-20(pb-2)"
SEA,"Heredia,G",292,7,10,21.3,34.3,25.8,1,0,-10,8,13,15,17,35,30.4,2.3,w,-6,7,"2-5,11,12/6,8,10 (13-4)",D,13,A,C,,,,,,200,200,,cf-2(-2)e0 lf-2e0
LAA,"Hermosillo,M",57,51,8,20.6,35.6,39.2,0,w*,0,0,23,0,10.6,17.7,15.3,1.4,2,-6,0,2-12/- (3-1),E,15,B,D,,,,,,309,409,309,rf-3(0)e9 cf-4e9 lf-3e9
PHN,"Hernandez,C+",605,15,21,23.2,45.2,28.5,1.3,w,-1,12,26,17,19.1,37.1,25.1,2,1,-1,13,"*4,6/- (17-11)",B,15,B,D,,,313,,,,,,2b-3e13
LAN,"Hernandez,E",402,11,11,22,33,34.5,3.3,5,-11,2,15,15,18.7,33.7,39.2,4.8,8,-6,1,2/- (20-6),D,14,B,C,,422,306,465,410,303,303,303,cf-3(-1)e3 2b-3e6 ss-4e10 rf-3e3 lf-3e3 1b-4e22 3b-4e65
SFN,"Hernandez,G",414,26,5,15.6,22.5,30.2,3.2,6,-5,23,30,5,19.4,26.4,29.8,2.4,5,-9,25,*6-8/12 (15-10),C,14,C,D,,,,,,209,209,209,cf-2(-1)e9 lf-2e9 rf-2e9
TOA,"Hernandez,T",476,44,9,11.5,21.5,32.2,4.8,8,0,19,39,9,20.3,30.3,41.4,2.6,4,-5,19,*3-6/9 (15-7),C,14,D,D,,,,,,512,,512,lf-5(+1)e12 rf-5e12
CIN,"Herrera,D",87,56,1,11.3,17.3,33.4,5.4,8*,0,0,63,16,3.1,24.1,12.1,3,5*,0,0,-/- (---),E,13,D,D,,425,314,418,,416,,,lf-4(+1)e16 2b-3e14 3b-4e18 1b-4e25
PHN,"Herrera,O*",550,20,0,31.2,34.2,39.3,2,2,-5,16,20,4,20.3,27.3,32.6,3.3,3,-4,15,6/- (14-6),D,12,D,D,,,,,,404,404,404,cf-4(0)e4 rf-4e4 lf-4e4
KCA,"Herrera,R+",278,19,4,8.8,14.8,17.4,0,w,4,17,17,4,22.2,28.2,32.3,1,w,5,17,"*2-5,11,12/6,8 (15-5)",D,14,D,C,,,310,434,,405,305,305,rf-3(-1)e5 2b-3e10 cf-3e5 3b-4e34 lf-4e5
SEA,"Herrmann,C*",76,10,10,19.9,29.9,25.7,0,w,-8,0,40,16,18.5,34.5,37.7,1.5,2,-5,0,-/- (---),E,11,D,D,407,430,,,,,,,"c-4(+1)e7,T-1(pb-0) 1b-4e30"
CHN,"Heyward,J*",440,6,6,29.5,36.5,42.5,2.3,w,5,11,3,9,23,33,32.3,0.5,0,5,11,3/12 (13-5),E,13,D,B,,,,,,,304,104,rf-1(-4)e4 cf-3e4
NYA,"Hicks,A+",480,18,18,10.1,29.1,28.6,4.5,7,0,0,18,26,16.9,43.9,27.6,3.3,4,0,0,*5/- (19-6),B,15,B,C,,,,,,,203,,cf-2(-2)e3
DEA,"Hicks,J",288,25,15,24.1,39.1,39.1,1.3,1,-3,20,38,4,21.8,25.8,28.2,1.8,3,-4,23,"4,6/- (3-1)",E,11,D,D,401,417,,,,,,,"1b-4e17 c-4(0)e1,T-13(pb-0)"
NYA,"Higashioka,K",72,31,6,9.2,18.2,32.6,7.8,8*,0,20,13,9,3.1,15.1,7.1,0.4,0*,0,19,-/- (---),E,8,D,C,301,,,,,,,,"c-3(+2)e1,T-6(pb-3)"
MMN,"Holaday,B",151,3,0,5.1,8.1,7.4,0.8,2,6,20,16,8,16.8,27.8,19,0,w,6,18,-/- (---),E,10,B,C,301,,,,,,,,"c-3(-1)e1,T-1(pb-0)"
CON,"Holliday,M",53,20,35,23.1,58.2,27.5,1.5,1,-6,0,36,27,15.7,42.7,28.4,3.1,4,-6,0,-/- (---),E,8,D,D,,530,,,,525,,,lf-5(+2)e25 1b-5e30
BOA,"Holt,B*",321,40,12,24.5,41.5,25.8,0,w,-2,13,14,11,23.5,39.5,34.3,1,2,-2,14,"*2-7,12/9,11 (15-7)",C,13,D,C,,425,305,416,410,405,,405,2b-3e5 ss-4e10 rf-4(0)e5 1b-4e25 3b-4e16 lf-4e5
PHN,"Hoskins,R",558,16,31,6.5,40.6,11.3,1,0,-1,4,26,17,17.3,37.3,41.6,5.2,8,-1,6,7/- (13-6),D,12,D,D,,413,,,,507,,,lf-5(+2)e7 1b-4e13
SDN,"Hosmer,E*",613,13,7,8.9,15.9,16.3,0.8,1,-3,21,26,8,29.3,37.3,42.6,2.3,4,-3,21,"4,6/- (13-6)",C,13,D,B,,204,,,,,,,1b-2e4
LAA,"Hudson,J",12,0,0,20.4,20.4,40.6,0,w*,0,0,0,0,2.6,2.6,5.2,0,w*,0,0,-/- (---),E,8,C,C,401,,,,,,,,"c-4(+2)e1,T-20(pb-0)"
SFN,"Hundley,N",282,31,2,27.1,30.1,51.7,6.6,8,-9,19,37,9,14.6,24.6,22,0.2,1,-8,20,6/- (13-6),D,10,D,D,303,,,,,,,,"c-3(+2)e3,T-11(pb-3)"
CON,"Iannetta,C",299,20,23,13.2,41.2,16.2,1,1,-10,19,33,17,10.4,32.4,25,3,3,0,23,-/- (---),E,8,D,C,401,,,,,,,,"c-4(+2)e1,T-9(pb-0)"
DEA,"Iglesias,J",432,0,0,32.7,36.7,49.8,2.3,3,10,19,0,1,21.9,26.9,37,1.2,w,9,19,*4-6/- (17-13),B,14,C,B,,,,,110,,,,ss-1e10
ATN,"Inciarte,E*",597,5,6,26.8,34.8,34.8,1.3,w,-6,5,4,6,24.3,32.3,32.5,0.5,0,-6,5,*2-9/- (15-13),A,17,C,C,,,,,,,105,,cf-1(-3)e5
NYN,"Jackson,A",347,49,4,23.3,28.3,23.3,0,w,-5,18,52,7,21.4,29.4,39.6,2.8,w,-5,17,2-5/10 (13-6),D,13,D,D,,,,,,308,308,,cf-3(0)e8 lf-3e8
SDN,"Jankowski,T*",347,49,13,10.2,24.2,14.8,0,w,-4,13,9,11,27,39,38.7,2.7,w,-13,14,"*2-5,11,12/- (18-14)",A,17,D,C,,,,,,204,204,204,rf-2(+1)e4 cf-2e4 lf-2e4
TOA,"Jansen,D",81,22,19,19.6,48.6,23.4,0,w,-6,4,12,10,15.6,35.6,34.7,3.3,5,-1,5,-/- (---),E,10,D,C,407,,,,,,,,"c-4(+2)e7,T-4(pb-0)"
ARN,"Jay,J*",527,14,12,18.1,37,19.6,0,w,-2,14,10,0,26.3,33.3,40.5,1.6,w,-3,16,"5,6/12 (13-9)",D,14,B,C,,,,,,300,300,300,rf-3(+1)e0 lf-3e0 cf-3e0
LAA,"Johnson,S*",10,47,0,0,20,0,0,w*,0,0,47,0,0,20,0,0,w*,0,0,-/- (---),E,14,D,D,,406,404,,,,,,2b-4e4 1b-4e6
BAA,"Jones,A",580,0,0,32.5,34.5,38.9,0.3,0,-6,27,13,0,28.8,30.8,40.2,1.4,2,-6,27,4/- (18-6),C,13,D,C,,,,,,305,405,305,cf-4(-1)e5 rf-3e5 lf-3e5
DEA,"Jones,J",429,31,5,14.1,24.1,34.7,1.8,w*,0,16,45,2,12.8,19.8,24.8,1.8,2,-4,14,*3-6/- (17-13),B,15,D,D,,,,,,101,101,,cf-1(0)e1 lf-1e1
SFN,"Jones,R*",8,71,0,14.4,14.4,57.6,14.4,8*,0,0,47,0,41.3,41.3,160,39.5,8,0,0,-/- (---),E,11,D,D,,316,,312,,,,,3b-3e12 1b-3e16
BAA,"Joseph*,C*",18,0,0,0,0,0,0,w*,0,0,32,2,17.8,19.8,23.6,0,w,4,0,-/- (---),E,10,D,D,,406,408,,,,,,1b-4e6 2b-4e8
BAA,"Joseph,C",265,24,0,17.2,19.2,22.8,0,w,-9,7,29,0,18.5,20.5,27.1,0,0,-8,7,"4,5/- (13-6)",D,9,D,D,302,425,,,,,,,"c-3(0)e2,T-14(pb-1) 1b-4e25"
OAA,"Joyce,M*",207,13,22,4.1,27.1,10.2,1,1*,0,7,24,20,12.2,33.2,20.6,1.9,3,-5,6,2-7/- (3-1),E,12,D,B,,,,,,404,404,404,lf-4(-1)e4 rf-4e4 cf-4e4
NYA,"Judge,A",413,27,34,13,49,32.4,4.8,7,-2,10,39,20,21,43,36.8,4,7,-6,8,"4,6/- (13-6)",C,14,D,D,,,,,,,305,205,rf-2(-5)e5 cf-3e5
NYN,"Kaczmarski,K*",4,14,0,0,0,0,0,w*,0,0,20,44,0,44,0,0,w*,0,0,2-12/- (3-1),E,15,D,D,,,,,,,,410,rf-4(0)e10
PIN,"Kang,J",6,0,0,0,0,0,0,w*,0,0,9,0,41,41,41,0,w,4,0,-/- (---),E,11,D,D,,,,421,,,,,3b-4e21
SLN,"Kelly,C",35,49,0,0,6,0,0,w*,0,0,0,16,0,22,0,0,w*,0,0,-/- (---),E,8,B,C,301,,,,,,,,"c-3(0)e1,T-1(pb-0)"
NYN,"Kelly,T+",11,59,0,14.9,14.9,14.9,0,w,-9,22,2,11,0,11,0,0,w*,0,30,-/- (---),E,12,D,D,,,424,410,,402,,,2b-4e24 lf-4(+2)e2 3b-4e10
LAN,"Kemp,M",462,28,4,23.2,27.2,44.1,5.2,8,4,20,23,8,30.8,38.8,43,2.3,4,4,21,-/- (---),E,10,D,C,,,,,,403,,403,lf-4(+1)e3 rf-4e3
HOA,"Kemp,T*",255,18,12,25,39,33.1,0,w,8,17,6,15,21.1,38.1,31,1.8,2,7,17,*2-5/- (17-12),B,15,B,C,,,414,,,402,402,402,lf-4(+2)e2 cf-4e2 2b-4e14 rf-4e2
WAN,"Kendrick,H",152,18,0,26.3,29.3,36.8,0.8,1,-11,29,12,0,37.2,40.2,57.6,1.6,2,-11,28,"4,6/10 (13-6)",E,11,D,C,,420,420,,,425,,,2b-4e20 lf-4(+1)e25 1b-4e20
MNA,"Kepler,M*",532,21,11,20.5,33.5,36.2,2,3,-5,10,6,16,12.3,30.4,25.5,2.4,2,-3,8,"5,6/9 (13-5)",D,14,D,C,,,,,,,201,201,rf-2(-1)e1 cf-2e1
WAN,"Kieboom,S",125,6,2,25.1,29.1,29.7,1.4,2,1,12,21,21,12.4,35.5,20.6,1.8,w,1,8,-/- (---),E,9,D,C,304,430,,565,,,,,"c-3(-1)e4,T-11(pb-3) 1b-4e30 3b-5e65"
TBA,"Kiermaier,K*",332,38,4,9.6,17.6,27.1,1.4,w*,0,7,26,4,19.9,27.9,32.9,1,2,-10,8,*3-8/- (15-13),B,15,C,B,,,,,,,105,,cf-1(-3)e5
TEA,"Kiner-Falefa,I",356,0,14,26.6,43.6,47,1.5,w,-9,24,17,3,22.1,28.1,31.7,2.7,w,-10,28,"*2,4-6/11 (15-10)",C,13,C,C,401,,317,321,484,,,,"3b-3e21 c-4(0)e1,T-4(pb-4) 2b-3e17 ss-4e84"
PHN,"Kingery,S",452,47,0,18.1,20.1,23.9,1,1,-8,0,25,3,20.3,25.3,36.7,3,w,-7,0,"*4,6/- (17-11)",B,14,C,D,,,362,356,314,425,,425,ss-3e14 3b-3e56 lf-4(+1)e25 2b-3e62 rf-4e25
BOA,"Kinsler,I",487,1,3,18.1,23.1,23.9,1.4,w,0,23,2,10,18.9,30.9,31.8,2.2,3,0,21,*4-6/- (17-13),B,14,D,C,,,112,,,,,,2b-1e12
CLA,"Kipnis,J*",530,21,10,14.1,27.1,24.3,1.8,2,2,4,16,12,14.2,29.2,25.4,2.2,2,1,3,4/- (18-6),C,13,C,C,,,412,,,,511,,2b-4e12 cf-5(+2)e11
ARN,"Kivlehan,P",13,51,0,24.6,39.7,73.9,0,w*,0,0,83,0,4.9,19.8,14.4,0,w*,0,0,-/- (---),E,13,D,D,,,,,,403,,,lf-4(-1)e3
PHN,"Knapp,A+",187,54,10,4.3,16.4,10.1,1.9,2,0,6,49,14,12.6,28.6,18.7,0.3,0,-6,4,2/- (20-6),E,9,D,D,411,425,,,,,,,"c-4(+2)e11,T-18(pb-4) 1b-4e25"
DEA,"Kozma,P",69,0,0,11.3,11.3,21.8,0,w,0,23,29,0,18.7,18.7,32.5,0.6,0,-6,24,2-12/- (3-1),E,13,C,C,,,313,308,307,,,,ss-3e7 3b-3e8 2b-3e13
PIN,"Kramer,K*",37,57,0,0,0,0,0,w*,0,0,88,1,2,3,2,0,w*,0,0,-/- (---),E,13,D,D,,,444,408,,,,,3b-4e8 2b-4e44
MLN,"Kratz,E",203,13,0,10.7,17.7,22.5,2.2,4,4,27,16,0,21.1,28.1,25.3,1.4,2,4,27,2/- (20-6),E,8,D,C,301,,,,,,,,"c-3(0)e1,T-8(pb-2)"
CHN,"La Stella,T*",169,24,22,0,24,0,0,w*,0,17,6,7,28.1,37.1,37.6,1.5,w,-7,21,4-6/- (3-1),E,12,D,C,,,419,435,,,,,3b-4e35 2b-4e19
NYN,"Lagares,J",59,30,0,40,43,40,0,w,4,23,0,0,43.2,46.2,57.2,0,w,4,28,"*2-5,12/- (18-13)",B,15,D,C,,,,,,,206,,cf-2(-2)e6
CHA,"Lamarre,R",165,38,0,38.8,41.8,59.8,3,w,3,16,41,7,19.6,29.6,30.3,2,w,2,13,"2-5,11,12/9 (13-6)",D,13,D,D,,,,,,307,307,307,cf-3(0)e7 lf-3e7 rf-3e7
ARN,"Lamb,J*",207,43,16,4.7,21.7,8.4,0,w,0,12,33,14,14,29,22.9,2.3,4,7,12,"5,6/8,9 (13-4)",E,12,D,B,,,,410,,,,,3b-4e10
OAA,"Laureano,R",156,34,27,19.6,49.6,34.9,0.6,0,-4,0,38,5,30.4,38.4,46.5,2.1,4,-5,0,"*4,5/- (19-12)",B,16,D,D,,,,,,,204,,cf-2(-3)e4
PIN,"Lavarnway,R",6,0,0,53.5,53.5,68.5,0,w,-9,0,16,0,43.3,43.3,75.6,0,w,-9,0,-/- (---),E,8,D,D,,,,,,,,,
MMN,"Lee,B*",17,87,0,0,0,0,0,w*,0,0,70,3,10.7,13.7,10.7,0,w,4,0,-/- (---),E,14,B,D,,,,,,411,,411,rf-4(+1)e11 lf-4e11
CON,"Lemahieu,D",533,0,2,36.4,39.4,59,2.5,2,1,20,8,8,20.1,29.1,28.2,1.3,1,1,19,"2,4-6/11 (13-7)",C,14,D,B,,,105,,,,,,2b-1e5
BOA,"Leon,S+",265,26,14,3.5,20.5,11,2.5,w*,0,15,35,0,9,12,15.1,0.4,1,-2,19,2/- (20-6),E,9,C,B,102,,,,,,,,"c-1(-3)e2,T-1(pb-9)"
BOA,"Lin,T*",65,36,4,8.3,12.3,8.3,0,w,-6,0,22,17,22.3,39.3,46.7,0.3,0,0,0,2-11/- (3-1),E,15,C,D,,,312,318,336,,425,,ss-3e36 2b-3e12 3b-3e18 cf-4(+2)e25
CLA,"Lindor,F+",661,3,14,34.6,51.6,55.3,3.8,6,-9,2,11,7,17.2,27.1,35.8,4.2,7,-5,3,"*2-5,11,12/- (17-13)",A,15,B,C,,,,,114,,,,ss-1e14
NYN,"Lobaton,J+",49,24,2,0,2,0,0,w*,0,30,39,24,9.5,33.5,23.2,0,w*,0,22,-/- (---),E,9,D,D,311,,,,,,,,"c-3(+2)e11,T-1(pb-0)"
LAN,"Locastro,T",11,45,19,7.5,42.5,15,0,w*,0,0,35,32,0.9,48.9,1.8,0,w*,0,0,*6/- (20-13),A,16,D,D,,,,,,,403,,cf-4(+2)e3
SFN,"Longoria,E",480,8,0,21.3,23.3,40.3,4.8,8,-11,18,23,0,21.9,23.9,33.8,1,3,-11,17,4/- (15-6),D,12,D,C,,,,321,,,,,3b-3e21
SDN,"Lopez,R*",102,54,7,3.3,10.3,3.3,0,w,6,5,60,10,5.6,15.6,12.2,2.2,3,6,5,3/- (20-6),E,8,D,D,301,525,,537,,,,,"c-3(+1)e1,T-9(pb-0) 1b-5e25 3b-5e37"
TBA,"Lowe,B*",129,41,4,8.7,15.7,29.1,6.8,8,5,16,26,17,16.7,36.7,36,2.5,4,5,12,"2-5,12/- (13-11)",D,12,D,D,,,406,,,403,,403,2b-4e6 lf-4(+2)e3 rf-4e3
OAA,"Lowrie,J+",596,17,12,19.5,32.5,28.5,0.5,1,11,7,16,17,21.3,39.3,36.5,3.3,6,11,7,-/- (---),E,11,D,C,,,405,411,,,,,2b-4e5 3b-4e11
OAA,"Lucroy,J",415,15,7,16.8,25.8,25.2,1,1,12,21,3,5,19.2,26.2,25.7,0.6,w,12,21,-/- (---),E,10,D,C,301,,,,,,,,"c-3(+1)e1,T-12(pb-2)"
DEA,"Lugo,D",94,0,15,15.1,30.1,30.7,5.2,8,4,14,22,5,12.1,17.1,21.3,0,w,4,17,-/- (---),E,12,D,C,,,419,,,,,,2b-4e19
PIN,"Luplow,J",92,12,11,11.3,24.3,34,1.1,2,0,30,13,14,5.4,21.4,18.5,2.3,5*,0,28,"*2-8,11/9,10,12 (15-8)",C,13,D,C,,,,,,307,407,307,lf-3(-2)e7 rf-3e7 cf-4e7
DEA,"Machado,D",214,5,0,22.6,25.6,40.5,0,w,4,5,16,6,9.2,18.2,17.7,1.1,w,4,4,7/11 (13-5),E,11,D,C,,,413,,,,,,2b-4e13
LAN,"Machado,M",632,0,12,25.4,38.3,43.8,4.2,8,-3,26,13,7,28.4,36.3,48.8,4.4,8,-3,27,*5/- (19-6),B,13,D,C,,,,210,314,,,,ss-3e14 3b-2e10
DEA,"Mahtook,M",223,26,15,5.6,23.5,15,3,w*,0,7,36,7,11.4,21.4,25.1,3.4,6,-2,8,*6/- (18-6),C,13,D,D,,,,,,208,308,308,lf-2(0)e8 rf-3e8 cf-3e8
TOA,"Maile,L",202,38,15,17.6,34.6,35.3,4.3,7,7,13,38,15,17.7,34.7,26.6,0,w,7,14,2/- (20-6),D,10,D,D,208,,,,,,,,"c-2(0)e8,T-8(pb-2)"
HOA,"Maldonado,M",373,31,2,18,26,25.4,0.2,0,10,17,27,0,16.1,22.1,24.3,1.4,1,10,17,"4,6/- (3-1)",E,9,D,C,103,,,,,,,,"c-1(-4)e3,T-8(pb-6)"
BAA,"Mancini,T",582,27,6,17.6,25.7,25.5,1.3,2,-11,21,26,7,20.3,29.3,32.5,3,5,-11,22,5/- (3-1),E,11,D,D,,412,,,,402,,,lf-4(0)e2 1b-4e12
SDN,"Margot,M",477,17,0,19.3,20.3,42,2.5,w,13,16,9,6,21.5,28.5,32,0.5,0,12,14,"*2-8,11,12/9,10 (15-8)",C,16,D,C,,,,,,,204,,cf-2(-1)e4
HOA,"Marisnick,J",213,55,3,17.5,24.6,28.2,3.5,5,-10,15,53,7,9.5,20.5,23.9,2.8,5*,0,22,*2-5/- (18-13),B,16,D,D,,,,,,,102,102,cf-1(-2)e2 rf-1e2
SEA,"Marjama,M",27,0,17,5.5,22.5,10.9,0,w*,0,28,33,4,0,4,0,0,w*,0,33,2-12/- (3-1),E,10,D,C,416,,,,,,,,"c-4(+2)e16,T-8(pb-0)"
ATN,"Markakis,N*",623,0,7,29.5,36.5,42.4,0.6,1,-2,22,0,11,30.4,41.4,40.8,1,1,-2,20,3/- (13-5),E,10,D,B,,,,,,302,,202,rf-2(+1)e2 lf-3e2
ARN,"Marrero,D",78,41,3,12.4,15.4,18.6,0,w,4,34,22,16,0,16,0,0,w*,0,28,*5/- (20-13),B,14,B,D,,,311,208,,,,,3b-2e8 2b-3e11
LAA,"Marte,J",194,27,5,14,21.1,23.8,2.6,5,-4,22,5,6,15.9,24,25.5,1.4,1,-4,22,"4,5/11 (13-5)",E,12,D,C,,411,,423,,407,,,1b-4e11 3b-4e23 lf-4(+2)e7
ARN,"Marte,K+",520,2,11,32.2,44.2,58.5,3.3,6,-7,16,8,9,15.7,25.7,33.9,3,w,-5,17,4/- (17-6),C,15,D,C,,,308,,420,,,,2b-3e8 ss-4e20
PIN,"Marte,S",559,22,5,16.1,24.1,33.5,2.4,5,4,15,11,3,28.6,34.6,45,2.5,5,4,15,"*2-6,12/- (17-15)",A,16,C,C,,,,,,,204,,cf-2(-4)e4
CLA,"Martin,L*",318,27,2,10.4,14.4,25.6,1.8,3*,0,1,22,10,26.6,38.6,38.2,2.3,3,-13,1,"*2-6,12/- (15-12)",B,15,C,D,,,,,,,204,,cf-2(-3)e4
TOA,"Martin,R",289,21,27,11.6,43.7,15.1,1.1,1,-7,13,26,26,3.7,34.7,8.9,1.6,3,0,12,3-7/- (3-1),E,11,D,D,202,,,420,588,416,,,"c-2(+2)e2,T-8(pb-1) 3b-4e20 ss-5e88 lf-4(+2)e16"
BOA,"Martinez,J",569,26,7,34.3,43.3,56.1,5.2,8,-5,20,25,13,30.6,45.7,63.6,8.3,8,-4,15,3/- (17-6),C,12,D,B,,,,,,404,,404,lf-4(-1)e4 rf-4e4
SLN,"Martinez,J",534,13,14,27.4,42.3,38.5,1.4,1,-3,18,13,9,32.8,42.8,44.5,2.1,4,-4,20,"2-5,12/- (3-1)",E,11,C,C,,515,,,,,,402,1b-5e15 rf-4(0)e2
DEA,"Martinez,V+",467,0,0,22.5,23.5,30.7,2.8,5,-8,31,0,3,23.6,27.6,36,2.5,w,-7,29,-/- (---),E,8,D,C,,512,,,,,,,1b-5e12
OAA,"Martini,N*",152,20,16,0,23,0,0,w*,0,0,19,15,29.4,51.5,45.1,1.2,w,-1,0,-/- (---),E,12,D,C,,,,,,309,409,409,lf-3(+1)e9 cf-4e9 rf-4e9
ARN,"Mathis,J",195,41,19,10.4,29.4,20.6,0,w,5,25,41,7,10.9,18,18.2,1.6,w,6,23,-/- (---),E,10,D,C,201,,571,,,,,,"c-2(-2)e1,T-4(pb-0) 2b-5e71"
MNA,"Mauer,J*",486,15,7,32.3,40.3,35.8,0.3,0,12,14,9,10,24.9,35.9,37.6,2.1,w,12,13,5/- (3-1),E,12,D,C,,206,,,,,,,1b-2e6
OAA,"Maxwell,B*",55,1,0,1.1,1.1,1.5,0,w*,0,34,32,0,15.6,15.6,31.5,0.9,2*,0,34,-/- (---),E,8,D,C,301,,,,,,,,"c-3(0)e1,T-1(pb-1)"
SEA,"Maybin,C",342,7,10,23.4,34.4,30.9,0,w,-1,14,25,15,19.6,35.6,21.8,0.4,1,-1,14,"2-6,11,12/- (15-12)",B,15,D,C,,,,,,204,204,304,cf-2(-1)e4 lf-2e4 rf-3e4
TEA,"Mazara,N*",489,32,0,19.6,21.6,36.5,3,5,-5,21,16,10,22.3,34.3,34.3,2.8,4,-4,18,2/- (20-6),E,11,D,C,,,,,,403,,403,rf-4(-2)e3 lf-4e3
HOA,"McCann,B*",189,31,17,11.6,34.6,15.1,1.1,1,-7,19,12,8,14.1,28.1,22.5,2.8,4,-8,23,"2-5,11,12/- (3-1)",E,8,D,C,306,,,,,,,,"c-3(-1)e6,T-5(pb-1)"
DEA,"McCann,J",427,36,4,11.9,16.9,16.7,1.6,2,-6,17,29,4,17.5,22.5,29.8,3,w,-6,17,"2-6,9/- (3-1)",E,9,D,D,204,,,,,,,,"c-2(-2)e4,T-4(pb-1)"
NYA,"McCutchen,A",569,22,17,21.1,42.2,35.8,2.1,4,-9,13,20,25,16.6,45.6,25,1.6,4,-10,12,*3-6/12 (15-10),B,14,D,B,,,,,,302,,302,rf-3(-1)e2 lf-3e2
TOA,"McGuire,R*",31,50,0,12.6,12.6,33.5,7,8,-4,0,28,7,33.3,40.3,71.1,5.8,8,-5,0,*3/- (20-11),D,11,C,D,316,,,,,,,,"c-3(+2)e16,T-8(pb-3)"
TOA,"McKinney,B*",119,20,5,10.5,17.5,24.3,3,5*,0,0,31,9,22.2,33.2,39.2,3.5,7,-10,0,2/- (20-6),E,12,D,D,,528,,,,305,,305,lf-3(+1)e5 rf-3e5 1b-5e28
CON,"McMahon,R*",181,28,10,20.8,32.8,40.5,2.4,2,-9,0,49,7,16,25,25.4,1.4,1,-7,0,2/- (20-6),E,13,D,C,,407,410,405,,,,,1b-4e7 2b-4e10 3b-4e5
NYN,"McNeil,J*",225,0,5,30.7,40.7,54.7,0.8,0,-11,4,0,0,43,48,61.3,2.4,w,-12,4,*6/- (19-11),B,14,C,B,,,306,465,,,,,2b-3e6 3b-4e65
TBA,"Meadows,A*",178,23,6,30.1,37.2,53.8,3.8,6,-10,1,20,0,30,31,39.1,1.2,2,-11,2,*7/- (19-11),B,14,D,D,,,,,,208,308,208,rf-2(0)e8 cf-3e8 lf-2e8
SDN,"Mejia,F+",56,33,0,6.2,10.2,19.3,3.8,6*,0,26,49,18,5.6,27.6,20,4.4,8*,0,12,-/- (---),E,10,D,D,406,,,,,,,,"c-4(-1)e6,T-20(pb-18)"
PIN,"Mercer,J",394,9,2,27.5,32.5,46.2,2,w,-2,22,23,4,21,28,31.5,0.3,0,-2,21,2/- (20-6),E,12,D,C,,,,,414,,,,ss-4e14
KCA,"Merrifield,W",632,9,5,42.7,49.7,59.3,1.4,2,-8,12,11,12,27,41,42.5,3,w,-7,13,"*2-5,11,12/- (19-13)",AA,17,B,C,,311,210,,,305,305,305,2b-2e10 cf-3(+1)e5 rf-3e5 1b-3e11 lf-3e5
NYN,"Mesoraco,D",244,16,18,14.8,35.8,21.5,2,2,-2,21,16,7,14.1,24.1,28.1,3.6,6,-3,24,-/- (---),E,10,D,D,301,425,,,,,,,"c-3(+1)e1,T-1(pb-6) 1b-4e25"
MLN,"Miller,B*",230,34,0,24.3,24.3,31,2.3,3,-2,14,49,11,19.4,30.4,35,1.6,2,-1,10,-/- (---),E,12,D,D,,414,411,,488,,,,1b-4e14 2b-4e11 ss-4e88
SLN,"Molina,Y",459,9,3,22.3,29.3,41.3,3.5,6,4,23,2,5,21.5,30.5,33.1,3.3,6,4,23,"6,7/12 (13-7)",D,8,D,B,101,430,,,,,,,"c-1(-3)e1,T-4(pb-1) 1b-4e30"
CHA,"Moncada,Y+",578,52,13,12.8,25.8,22.6,2.6,w,-5,2,49,12,19.5,31.5,34.6,1.8,3,-5,2,*3-6/- (15-11),B,15,D,D,,,423,,,,,,2b-4e23
KCA,"Mondesi,A+",275,17,0,29.7,30.7,53.2,5.6,8,-13,3,41,0,25.4,26.4,43.3,3.6,8,-13,3,"*2-7,11/- (19-16)",AA,17,B,D,,,210,,219,,,,ss-2e19 2b-2e10
WAN,"Montero,M*",11,40,4,0,4,0,0,w*,0,0,26,9,0,9,0,0,w*,0,0,-/- (---),E,8,D,D,401,,,,,,,,"c-4(+3)e1,T-10(pb-14)"
TBA,"Moore,A",18,41,10,16.9,26.9,44.2,6.6,8*,0,0,57,2,14.6,16.6,32.5,4.2,8,-2,0,-/- (---),E,9,D,D,301,,,,,,,,"c-3(0)e1,T-8(pb-0)"
TOA,"Morales,K+",413,19,6,12.1,20.1,21.1,1,0,-4,25,20,14,21.7,37.7,37.3,5.2,8,-7,21,7/10 (13-4),D,8,D,D,,411,,565,,,,,1b-4e11 3b-5e65
PIN,"Moran,C*",415,27,10,7.3,19.3,14.3,0,w,0,8,14,6,28.5,36.5,37.9,1.8,2,0,9,2-5/- (3-1),E,8,D,C,,,,415,,,,,3b-4e15
BOA,"Moreland,M*",404,31,10,20.1,30.1,32.2,1,2,1,21,22,14,16.3,30.3,32.4,2.8,6,1,19,2/- (20-6),E,9,D,D,,203,,,,,,,1b-2e3
PIN,"Moroff,M+",59,66,0,12.7,15.7,34.5,6.4,8,-1,0,47,17,2.8,22.8,11.3,2.8,4*,0,0,-/- (---),E,13,D,D,,,315,,342,,,,2b-3e15 ss-3e42
MNA,"Morrison,L*",318,35,9,15.7,28.7,33.2,2.5,w,-1,4,21,11,4.6,19.5,15.2,3.5,6*,0,3,2/- (20-6),E,11,D,D,,410,,,,513,,,1b-4e10 lf-5(+2)e13
MNA,"Motter,T",34,33,10,6.7,16.6,16.3,3.2,6,2,0,4,21,0,21,0,0,w*,0,0,*3/- (20-11),D,13,D,C,,413,313,306,310,403,,403,1b-4e13 rf-4(0)e3 3b-3e6 ss-3e10 2b-3e13 lf-4e3
MLN,"Moustakas,M*",573,6,0,23.4,26.4,38.1,2.4,4,9,18,14,8,15.4,26.4,33.3,4.2,7,8,15,3/- (16-6),D,11,C,C,,425,,316,,,,,3b-3e16 1b-4e25
BAA,"Mullins,C+",170,50,16,2.4,20.4,2.4,0,w,-1,0,5,7,25.1,34.1,39.7,2,2,-9,2,"*3-6/8,10 (15-5)",D,15,C,D,,,,,,,404,,cf-4(+1)e4
LAN,"Muncy,M*",395,39,16,17.2,36.2,41.6,7.2,8,-3,4,34,26,15.1,44.1,42.1,7.8,8,-2,3,2/- (20-6),D,12,D,D,,413,416,439,,503,,,1b-4e13 3b-4e39 2b-4e16 lf-5(+2)e3
SLN,"Munoz,Y",293,27,15,20.1,38,37.8,2,4,5,5,21,4,27.5,34.4,32.8,0.9,2,5,5,"*2-6,11,12/8,10 (15-6)",D,12,D,B,,,337,347,438,425,425,425,ss-4e38 2b-3e37 3b-3e47 rf-4(+1)e25 lf-4e25 cf-4e25
CHN,"Murphy,D*",328,11,3,22,25,22,0,0,-5,11,0,0,35.2,35.2,51.5,3.4,6,-5,11,2/- (20-6),D,10,D,C,,506,517,,,,,,2b-5e17 1b-5e6
ARN,"Murphy,J",208,32,4,13.3,18.3,29.3,4.4,7,-4,0,55,0,9.5,10.5,20.3,2.4,4,-2,1,-/- (---),E,11,C,D,209,,,,,,,,"c-2(+1)e9,T-13(pb-1)"
CON,"Murphy,T",93,62,0,17.5,17.5,37.5,0,w,-1,15,75,0,17.1,17.1,35.2,2.2,2,-1,6,2-12/- (3-1),E,9,D,D,416,,,,,,,,"c-4(0)e16,T-20(pb-0)"
SDN,"Myers,W",312,31,14,16.2,30.2,36.5,3.5,6,9,21,36,7,22.5,29.5,38.1,1.3,2,10,22,*7/- (19-12),B,14,D,D,,303,,527,,202,,302,3b-5e27 lf-2(-2)e2 rf-3e2 1b-3e3
CLA,"Naquin,T*",174,25,0,22.9,24.9,31.1,0,w,6,2,27,0,24.1,26.1,27,0.3,0,6,2,"4,5/11 (13-5)",E,14,D,C,,,,,,401,401,401,rf-4(-2)e1 cf-4e1 lf-4e1
CHA,"Narvaez,O*",280,27,35,3.2,40.2,9.6,0,w*,0,7,18,11,29.9,42.9,41.7,2.3,3,-11,12,3-6/- (3-1),E,9,D,C,402,,,,,,,,"c-4(+1)e2,T-10(pb-5)"
CHN,"Navarro,E*",6,27,0,0,0,0,0,w*,0,0,85,0,6,6,6,0,w,-4,0,-/- (---),E,11,D,D,,207,,,,,,,1b-2e7
SEA,"Negron,K",32,38,0,19.1,19.1,34.1,5,8,4,23,30,0,10.9,10.9,10.9,0,w,4,24,*4/- (20-11),C,15,D,D,,,306,413,314,403,,403,3b-4e13 2b-3e6 ss-3e14 lf-4(+1)e3 rf-4e3
PIN,"Newman,K",91,4,0,28.4,30.4,37.7,0,w,0,17,30,0,12.6,14.6,12.6,0,w,0,17,"2-9,12/- (3-1)",E,14,C,D,,,332,,424,,,,ss-4e24 2b-3e32
TOA,"Ngoepe,G",18,83,10,0,10,0,0,w*,0,0,97,1,0,1,0,0,w*,0,0,-/- (---),E,12,D,D,,,206,308,317,,,,2b-2e6 ss-3e17 3b-3e8
NYN,"Nido,T",84,30,4,18.1,22.1,26.1,0,w,4,33,42,2,6.1,8.1,15.4,3,w*,0,34,-/- (---),E,8,D,D,314,,,,,,,,"c-3(+2)e14,T-12(pb-1)"
NYN,"Nimmo,B*",433,41,14,17.7,41.7,31.1,1,1,-6,12,27,24,18.8,52.8,37.5,2.4,5,-5,6,*4-6/12 (15-9),B,15,D,D,,,,,,201,301,201,rf-2(+1)e1 cf-3e1 lf-2e1
MLN,"Nottingham,J",20,92,0,0,0,0,0,w*,0,0,30,32,12.8,44.8,17.6,0,w,-6,0,-/- (---),E,11,D,D,416,,,,,,,,"c-4(+2)e16,T-20(pb-0)"
BOA,"Nunez,E",480,4,0,25.8,26.8,37.4,3.3,w,-13,26,5,0,26.3,27.3,36.4,0.8,1,-13,26,6/- (16-6),C,13,D,C,,,410,412,,,,,2b-4e10 3b-4e12
BAA,"Nunez,R",236,31,6,21,30,28.5,2.5,3,-12,13,24,9,23.8,35.8,39.8,1.8,2,-9,11,-/- (---),E,10,D,D,,,,432,,525,,,3b-4e32 lf-5(+2)e25
MMN,"O'Brien,P",66,39,14,30.4,44.4,72.5,10.5,8,-6,9,38,13,23.5,36.5,48.8,5.4,8,-6,12,-/- (---),E,9,D,D,,411,,,,,,505,1b-4e11 rf-5(+2)e5
TEA,"Odor,R*",474,24,10,22.1,37.1,29.9,1.5,1,-6,5,28,6,19,30,33.3,3,5,-6,6,"*2-8,11/9,10,12 (15-8)",C,14,B,D,,,312,,,,,,2b-3e12
KCA,"O'Hearn,R*",149,46,12,6.4,19.4,22.6,5.4,8*,0,0,29,17,26.5,44.5,73.9,10.4,8*,0,0,-/- (---),E,9,D,D,,426,,,,508,,,1b-4e26 lf-5(+2)e8
LAA,"Ohtani,S*",326,42,12,16.5,29.5,26.4,0.8,1,0,1,32,12,29.1,42.1,62.3,8.5,8,0,1,*4-6/- (16-12),B,15,D,D,,,,,,,,,
OAA,"Olson,M*",580,22,12,22,37,29.4,0.8,2,-8,14,31,13,17.2,33.2,40.1,5.8,8,-4,12,3/- (13-6),E,11,D,D,,107,,,,,,,1b-1e7
SLN,"O'Neill,T",130,51,10,20.4,35.4,40.5,6.7,8,-5,0,59,1,20.8,26.8,49.5,8,8,-6,0,4/- (20-6),D,14,D,D,,,,,,311,411,311,rf-3(-1)e11 lf-3e11 cf-4e11
MLN,"Orf,N",21,83,0,0,10,0,0,w*,0,8,15,34,6,50,24,6,8*,0,16,*3/- (20-11),D,15,D,D,,,406,413,424,,,516,2b-4e6 ss-4e24 3b-4e13 rf-5(+2)e16
KCA,"Orlando,P",90,37,0,10.2,10.2,15.6,0,w,2,25,30,0,2,2,2,0,w,2,25,-/- (---),E,15,D,D,,,,,,217,217,217,cf-2(-1)e17 lf-2e17 rf-2e17
MMN,"Ortega,R*",133,26,0,22.7,22.7,22.7,0,w,6,29,7,6,18.7,24.7,20.7,0,w,6,26,*4-6/- (17-13),B,15,D,D,,,,,,317,,317,rf-3(0)e17 lf-3e17
PIN,"Osuna,J",106,21,0,21.4,23.4,46,2.6,5,0,15,15,0,12.6,14.6,22,0.8,1,-2,15,-/- (---),E,10,D,D,,314,,410,,,,507,1b-3e14 3b-4e10 rf-5(0)e7
ARN,"Owings,C",281,23,2,25.8,29.8,43.6,3.2,w,-9,9,32,10,5.5,17.5,15.9,2.6,w*,0,8,"*2-5,11,12/- (18-13)",B,15,D,D,,,305,413,,410,410,410,rf-4(+1)e10 cf-4e10 3b-4e13 2b-3e5 lf-4e10
SLN,"Ozuna,M",582,12,5,31.8,37.8,55.3,7.3,8,-3,12,13,4,26.6,31.6,34.1,2,3,-3,13,2/- (20-6),D,13,D,C,,,,,,305,,,lf-3(+2)e5
CHA,"Palka,D*",417,62,10,13.5,24.5,18.3,1.6,2,-8,11,47,2,19.9,22.9,46.3,7.3,8,-6,10,5/- (13-6),E,10,D,D,,,,,,503,,503,rf-5(+1)e3 lf-5e3
SFN,"Panik,J*",358,0,6,12.1,20,13.6,0.5,1,-8,20,0,2,29.8,33.8,41.1,1.8,w,-8,21,"4,5/- (13-6)",C,13,D,B,,425,311,,,,,,2b-3e11 1b-4e25
CON,"Parra,G*",401,18,5,11.1,19,17.8,2.3,w,12,10,11,5,30.3,38.3,44.4,3.3,w,12,10,"*4,6/- (17-11)",B,13,C,C,,,,,,206,,306,lf-2(-2)e6 rf-3e6
BOA,"Pearce,S",215,9,16,25,46,47.5,3.3,6,0,3,13,17,17.6,39.7,30.6,3.5,6,0,3,-/- (---),E,11,D,D,,306,,,,404,,404,1b-3e6 lf-4(+2)e4 rf-4e4
LAN,"Pederson,J*",395,0,3,9,14,19.4,0.8,1*,0,11,21,9,18.4,29.4,44.7,5.4,8,-2,10,"7/4,8-12 (13-1)",E,13,D,C,,,,,,302,402,402,lf-3(+1)e2 cf-4e2 rf-4e2
BOA,"Pedroia,D",11,0,45,0,45,0,0,w*,0,0,0,16,0,16,0,0,w*,0,0,-/- (---),E,11,D,C,,,304,,,,,,2b-3e4
SLN,"Pena,F",133,58,0,4.5,6.5,9.7,1.6,3*,0,30,35,0,18.8,20.8,25,2,w,-11,24,2/- (20-6),E,9,D,C,301,525,,,,,,,"c-3(+1)e1,T-7(pb-1) 1b-5e25"
SFN,"Pence,H",235,21,0,9.5,9.5,20.7,1.6,4,1,0,30,2,22.7,24.6,33,1.8,w,8,0,*6/- (19-11),B,14,D,D,,,,,,403,,403,lf-4(+2)e3 rf-4e3
CIN,"Pennington,C+",29,48,27,0,27,0,0,w*,0,17,61,21,0,21,0,0,w*,0,19,-/- (---),E,13,D,D,,,,462,414,,,,3b-4e62 ss-4e14
ARN,"Peralta,D*",560,29,3,16.3,21.3,27.3,3.6,7,7,18,15,7,29.4,38.4,51.4,4.4,8,7,18,2/- (20-6),D,14,D,C,,,,,,305,,405,lf-3(-2)e5 rf-4e5
CIN,"Peraza,J",632,0,0,36.3,39.3,45.2,1,0,-6,15,0,0,30.3,33.3,39.9,1,1,-6,15,"*5,6/- (18-12)",A,16,A,B,,,,,324,,,405,ss-3e24 rf-4(+1)e5
TEA,"Perez,C",70,47,0,0,3,0,0,w*,0,33,32,0,2.4,5.4,4.8,0.6,0,0,33,3/- (20-6),D,10,D,D,208,,,,,,,,"c-2(-1)e8,T-9(pb-7)"
MLN,"Perez,H",316,19,0,27.2,27.2,44.5,3.8,7,-15,16,23,5,22.6,27.6,35.5,3,w,-12,15,*2-5/- (18-12),B,15,D,D,,416,313,317,422,306,406,306,2b-3e13 3b-3e17 ss-4e22 rf-3(0)e6 lf-3e6 cf-4e6 1b-4e16
TBA,"Perez,M*",74,52,0,39.1,39.1,42.1,0,w,4,0,24,0,29.2,29.2,49,3.5,w,4,0,-/- (---),E,9,D,D,303,,,,,,,,"c-3(-1)e3,T-6(pb-0)"
CLA,"Perez,R",179,44,25,5,30.9,7.6,0,w,5,21,53,12,5.3,18.3,16.7,2.7,w*,0,21,2/- (20-6),E,9,B,C,103,,,,,,,,"c-1(-1)e3,T-15(pb-2)"
KCA,"Perez,S",510,26,0,18.8,23.9,30.1,3.3,7,-8,26,15,0,16.8,21.9,37,5.3,8,-6,26,4/12 (13-5),E,8,D,C,101,425,,,,,,,"c-1(-4)e1,T-4(pb-1) 1b-4e25"
ATN,"Peterson,D",2,0,0,0,0,0,0,w*,0,0,78,0,0,0,0,0,w*,0,0,-/- (---),E,9,D,D,,,,,,,,,
BAA,"Peterson,J*",210,9,28,0,31,0,0,w*,0,18,29,16,14,33,33.4,3,w,7,22,"*2-5,11,12/- (19-13)",A,15,D,D,,,412,408,442,406,,406,3b-4e8 2b-4e12 lf-4(0)e6 rf-4e6 ss-4e42
MNA,"Petit,G",61,31,8,12.6,20.6,15.9,0,w,-7,0,19,12,23,35,23.4,0,w,-6,0,"*2-5,12/- (18-13)",B,12,C,C,,425,318,337,356,,,,2b-3e18 ss-3e56 3b-3e37 1b-4e25
TBA,"Pham,T",494,22,21,24.6,48.6,32.7,2.7,5,-6,15,29,16,22.6,41.6,38.8,2.8,5,-6,20,"*2-5,12/- (16-12)",B,15,D,D,,,,,,307,407,,cf-4(0)e7 lf-3e7
OAA,"Phegley,J",93,55,0,16.3,18.3,29.4,1.9,4,4,18,23,8,12.4,22.4,30.8,3.1,w*,0,22,-/- (---),E,10,D,D,305,,,,,,,,"c-3(-1)e5,T-1(pb-9)"
BOA,"Phillips,B",23,43,7,18.1,25.1,48.1,10,8,-6,19,21,38,0,38,0,0,w*,0,18,-/- (---),E,13,D,D,,,450,465,,,,,2b-4e50 3b-4e65
KCA,"Phillips,B*",134,58,7,2.8,11.8,3.4,0,w*,0,10,68,6,11.8,19.8,24.4,0.4,0,6,6,"2-5,12/10 (13-6)",E,14,D,D,,,,,,203,203,203,cf-2(-4)e3 rf-2e3 lf-2e3
TOA,"Pillar,K",512,7,0,18.1,20.1,36.9,2.3,3,5,13,17,0,23.6,25.6,38.9,1.3,2,5,12,"*4,6/- (18-12)",B,14,D,D,,,,,,,107,,cf-1(-2)e7
MLN,"Pina,M",306,20,7,15.2,25.2,26.3,2.8,w,-7,28,14,3,25.8,31.8,37.7,2.3,3,-14,31,2/- (20-6),E,9,D,C,202,530,,,,,,,"c-2(-3)e2,T-9(pb-0) 1b-5e30"
OAA,"Pinder,C",298,36,11,23.5,38.5,35.2,3,6,-11,7,31,7,19.4,30.4,31.1,2.8,6,-11,8,"2-6,12/- (3-1)",E,12,D,D,,425,305,444,488,206,406,306,lf-2(-3)e6 2b-3e5 3b-4e44 rf-3e6 ss-4e88 cf-4e6 1b-4e25
SDN,"Pirela,J",438,3,10,22.6,34.6,32.5,0.8,0,1,16,22,3,21.9,26.9,31.1,1.5,w,1,18,2-5/- (13-11),C,12,D,C,,425,417,,,411,,411,2b-4e17 lf-4(+1)e11 rf-4e11 1b-4e25
OAA,"Piscotty,S",546,19,12,15.4,32.3,33.1,3,5,6,23,15,5,23.5,33.5,44.7,4,8,7,25,2/- (20-6),E,12,D,C,,,,,,,,303,rf-3(-1)e3
NYN,"Plawecki,K",238,26,15,16.4,39.4,34.1,0,w,-2,25,25,12,10.4,30.5,22,2.3,3,-1,25,"2-5,12/- (3-1)",E,10,D,C,305,422,,,,,,,"c-3(+1)e5,T-4(pb-0) 1b-4e22"
PHN,"Plouffe,T",12,62,0,27.6,27.6,56.3,9.6,8,-8,0,84,0,10.9,10.9,36.4,8.5,8*,0,0,-/- (---),E,11,D,D,,,510,414,,,,516,3b-4e14 2b-5e10 rf-5(+2)e16
PIN,"Polanco,G*",461,23,12,18,31,36.9,2,3,11,18,25,13,15.8,29.8,39.5,4.3,7,11,18,*6/- (19-11),B,14,C,C,,,,,,,,303,rf-3(-2)e3
MNA,"Polanco,J+",302,22,0,17.8,18.8,27.1,1.6,2,11,13,15,10,33,44,52.9,2.8,w,10,11,"*2-7,11,12/9,10 (15-8)",C,13,C,C,,,,,328,,,,ss-3e28
ARN,"Pollock,A",413,25,4,11.6,19.6,32.1,5.8,8,3,10,21,7,24,35,45.8,3.5,5,3,10,"*4,5/- (19-12)",B,16,C,C,,,,,,,102,,cf-1(0)e2
TOA,"Pompey,D+",10,55,6,23.1,29.1,23.1,0,w,-8,0,66,13,4.9,18,4.9,0,w,-3,0,-/- (---),E,16,D,D,,,,,,206,,,lf-2(+1)e6
SFN,"Posey,B",398,0,19,25.8,46.8,34.1,0.8,1,9,17,1,9,25,36,34.8,1.4,w,10,20,6/- (13-6),D,10,D,B,101,209,,,,,,,"c-1(-1)e1,T-4(pb-1) 1b-2e9"
OAA,"Powell,B*",24,95,0,0,0,0,0,w*,0,6,24,0,10.5,10.5,28.5,0,w*,0,38,"*2-8,11/9,10,12 (15-8)",D,14,C,D,,,,,,,325,,cf-3(0)e25
MMN,"Prado,M",197,0,11,18.1,30.1,18.1,0,w,6,17,17,2,22.9,25.9,31.6,1.3,w,6,19,7/11 (13-5),E,10,D,D,,325,,308,,,,,3b-3e8 1b-3e25
TEA,"Profar,J+",524,6,12,21.8,38.8,37.6,0.8,1,-3,10,9,9,16.9,30.9,32.7,2.5,5,-3,11,*4/- (20-6),B,14,D,C,,404,418,339,434,409,,,ss-4e34 3b-3e39 1b-4e4 2b-4e18 lf-4(+2)e9
LAN,"Puig,Y",405,26,6,13.3,19.3,23.6,1.5,2,-4,26,14,9,29.9,38.9,57.5,7.4,8,-12,25,*2-5/- (18-13),B,13,D,D,,,,,,,,212,rf-2(-4)e12
LAA,"Pujols,A",465,12,13,8.5,22.5,21.6,4,7,3,17,2,0,23.6,24.6,34.2,2.3,4,3,21,2/- (20-6),E,8,D,C,,410,,,,,,,1b-4e10
PHN,"Quinn,R+",131,33,0,24.8,26.8,52.8,3.8,4,-4,4,27,11,23,36,35.8,0,w,-4,3,"*2-6,9/- (17-15)",A,17,C,D,,,,,533,210,210,210,cf-2(-1)e10 rf-2e10 lf-2e10 ss-5e33
BOA,"Ramirez,H",177,24,5,33.2,40.2,44.8,1.1,1,6,28,12,8,14.6,24.6,21.9,2.3,3,6,31,*7/- (18-11),C,12,D,C,,404,,,,,,,1b-4e4
CLA,"Ramirez,J+",578,0,7,23,33,43.5,2.3,3,-5,0,5,23,15.2,41.3,40.8,6.4,8,-2,0,"*5,6/- (19-13)",AA,17,D,B,,,230,113,,,,,3b-1e13 2b-2e30
PHN,"Ramos,W",382,20,2,33.6,35.6,55.8,4.8,8,11,32,16,10,29.1,39,40.1,1.8,3,10,28,-/- (---),E,8,D,C,303,,,,,,,,"c-3(-1)e3,T-9(pb-3)"
BAA,"Rasmus,C*",45,89,0,0,5,0,0,w*,0,0,56,4,2.3,11.4,4.6,0.8,1*,0,0,-/- (---),E,11,D,D,,,,,,316,316,316,rf-3(0)e16 lf-3e16 cf-3e16
MMN,"Realmuto,J",477,20,3,13.8,20.8,30,1.5,3*,0,14,16,9,29,42,48.7,4,8,2,13,6/- (13-6),D,14,D,D,203,309,,,,,,,"c-2(-3)e3,T-14(pb-3) 1b-3e9"
HOA,"Reddick,J*",433,8,7,24.8,31.9,48.7,4.5,8,-9,16,12,13,18.6,31.6,24.6,2,2,-13,15,6/- (16-6),C,13,D,D,,,,,,200,,200,rf-2(-3)e0 lf-2e0
HOA,"Reed,A*",3,0,0,0,0,0,0,w*,0,0,46,0,0,0,0,0,w*,0,0,-/- (---),E,9,D,D,,413,,,,,,,1b-4e13
ATN,"Reed,M",7,75,0,24,24,24,0,w,-9,0,58,0,35.5,35.5,35.5,0,w,-9,0,-/- (---),E,15,D,D,,,,,,404,,,lf-4(+2)e4
TBA,"Refsnyder,R",84,29,33,2.2,35.2,8.8,2.2,4*,0,20,33,24,3.8,27.8,6,0,w*,0,24,2-12/- (3-1),E,13,D,D,,516,,,,406,,406,lf-4(+2)e6 rf-4e6 1b-5e16
NYN,"Reinheimer,J",30,0,30,13.5,43.5,13.5,0,w,-6,16,38,22,2.8,24.8,2.8,0,w,0,18,"*2-8,12/9-11 (15-8)",D,14,D,D,,,432,421,420,416,,,lf-4(+2)e16 2b-4e32 3b-4e21 ss-4e20
WAN,"Rendon,A",529,15,10,27.9,39.8,54.9,3.8,6,-7,4,0,11,30.8,43.8,50.3,3.2,4,-6,4,3/- (13-6),E,14,D,B,,,,108,,,,,3b-1e8
SDN,"Renfroe,H",403,20,9,19,30.1,40.5,4,7,-4,16,34,4,19.5,25.5,47.4,7.8,8,-5,17,5/- (13-6),E,12,D,D,,,,,,314,,314,lf-3(-3)e14 rf-3e14
SDN,"Reyes,F",261,34,14,32.5,46.5,55.5,7.3,8,-11,8,36,8,22.4,30.4,37.7,4.6,8,-12,13,-/- (---),E,10,D,D,,,,,,,,405,rf-4(0)e5
NYN,"Reyes,J+",228,6,7,11.8,18.8,27.2,2,3*,0,16,12,8,10.8,18.8,26.3,2.3,w*,0,16,"*2-5,12/- (16-12)",B,14,D,C,,,347,415,426,,,,3b-4e15 2b-3e47 ss-4e26
PIN,"Reyes,P",58,10,16,32.7,48.7,67.2,11.5,8,-7,19,13,4,27,31,38.2,1.6,3,-8,25,2-12/- (3-1),E,15,C,C,,,426,465,,414,,414,rf-4(+1)e14 lf-4e14 3b-4e65 2b-4e26
DEA,"Reyes,V+",212,32,0,16.4,16.4,26.3,0,w,-7,16,19,0,19.3,19.3,26.5,1.3,w,-7,16,"*4,6/- (19-13)",B,15,D,C,,,,,,304,304,304,cf-3(-1)e4 lf-3e4 rf-3e4
WAN,"Reynolds*,M",13,79,0,7.2,7.2,7.2,0,w,4,0,17,14,2.4,16.4,2.4,0,w*,0,0,-/- (---),E,13,D,D,,,,324,,,,,3b-3e24
WAN,"Reynolds,M",206,34,20,18.3,40.3,31,2.5,4,-8,16,33,10,15.8,27.8,36.1,6.7,8,-7,23,-/- (---),E,10,D,D,,408,541,465,,,,,1b-4e8 3b-4e65 2b-5e41
BAA,"Rickard,J",213,37,6,22.6,30.6,40,3.5,6,-9,9,20,6,18.8,26.8,27.8,1.5,2,-9,9,*3-6/- (15-11),C,14,D,D,,,,,,303,303,303,rf-3(+1)e3 lf-3e3 cf-3e3
MMN,"Riddle,J*",308,17,0,8,8,16.4,2.3,3,4,9,20,5,21.5,26.5,33.3,1.8,2,4,9,"2-8,12/- (3-1)",E,12,C,C,,,,,312,,,,ss-3e12
ATN,"Rivera,R",86,51,9,10.9,21.9,15.8,1.6,2,-2,18,62,0,20.9,22.9,44.1,4.4,8,-3,6,-/- (---),E,8,D,D,306,515,,,,,,,"c-3(-1)e6,T-1(pb-4) 1b-5e15"
MMN,"Rivera,Y",139,44,25,11.7,36.7,14.1,0,w,-1,14,45,8,5,13,11.6,2.2,w*,0,16,2-5/- (13-11),D,13,D,D,,425,322,308,360,416,416,,3b-3e8 ss-3e60 2b-3e22 1b-4e25 lf-4(+1)e16 cf-4e16
CHN,"Rizzo,A*",566,16,4,20.3,31.3,28.9,1.8,3,3,13,0,10,24.2,41.2,39.7,3.5,7,3,12,7/12 (13-6),C,13,D,B,,108,,,,,,,1b-1e8
TBA,"Robertson,D",282,8,22,17.1,48.1,30.9,2,3,-5,12,29,18,21,48,27.9,1.2,1,-10,13,"4,5/11 (13-5)",D,12,D,D,,425,210,321,338,416,,,ss-3e38 2b-2e10 3b-3e21 lf-4(+2)e16 1b-4e25
TEA,"Robinson,D*",109,65,12,13.1,25.1,26.6,1.9,2*,0,0,60,19,5.1,24.2,9.1,1.3,1,1,0,4-6/- (13-11),D,14,D,D,,,420,422,488,314,414,,cf-4(0)e14 2b-4e20 lf-3e14 3b-4e22 ss-4e88
NYA,"Robinson,S",49,0,2,2.5,4.5,4,0,w*,0,30,0,11,1.5,12.5,6,1.5,2*,0,27,*3/- (20-11),D,14,D,C,,,,,,310,310,310,rf-3(-1)e10 lf-3e10 cf-3e10
WAN,"Robles,V",59,0,14,28.1,49.1,44.3,2.2,4,3,20,25,0,20.9,27.9,44.9,4.4,7,4,25,"*2-10/11,12 (15-11)",B,17,C,C,,,,,,202,202,202,cf-2(-2)e2 lf-2e2 rf-2e2
DEA,"Rodriguez,R",191,22,0,20.9,20.9,31.9,2.6,4,6,28,19,6,12.2,18.2,16,0.8,0,6,26,3/- (20-6),D,13,B,D,,430,412,434,348,,,504,ss-3e48 2b-4e12 3b-4e34 1b-4e30 rf-5(+2)e4
PIN,"Rodriguez,S",150,46,27,8.5,36.5,19.9,3,6*,0,0,52,14,3.1,18,10.1,1.5,3*,0,1,2/- (20-6),E,12,D,D,,407,321,465,440,304,404,304,2b-3e21 ss-4e40 lf-3(0)e4 cf-4e4 rf-3e4 1b-4e7 3b-4e65
MMN,"Rojas,M",488,0,4,18.6,26.6,22.4,1.3,2,2,31,5,0,25,29,28.4,1,2,2,33,"5,6/- (13-6)",C,12,D,B,,314,305,305,307,,,,ss-3e7 3b-3e5 1b-3e14 2b-3e5
NYA,"Romine,A",242,29,2,22.3,26.3,39.8,2.6,3,8,28,31,7,15.3,24.3,24.9,2.4,4,8,28,2/- (20-6),E,10,D,C,202,,,,,,,,"c-2(+1)e2,T-7(pb-2)"
SEA,"Romine,A+",119,43,0,21.2,23.2,21.2,0,w,-11,13,40,8,13.2,23.2,16.7,0,w,-8,12,2/- (20-6),E,14,B,D,,308,206,239,314,302,402,402,2b-2e6 ss-3e14 1b-3e8 3b-2e39 lf-3(+1)e2 cf-4e2 rf-4e2
CHA,"Rondon,J",100,48,4,14,18,30.7,3.1,5,-2,22,27,7,16.1,23.1,44.9,7.6,8,-1,20,"*2-6,11,12/- (15-12)",D,13,D,D,,425,462,420,416,,,,3b-4e20 ss-4e16 2b-4e62 1b-4e25
CLA,"Rosales,A",19,0,10,0.6,10.6,0.6,0,w,0,0,36,2,15.1,17.1,38,5.4,8*,0,0,-/- (---),E,13,D,D,,305,305,305,320,,,,2b-3e5 1b-3e5 3b-3e5 ss-3e20
NYN,"Rosario,A",554,24,0,31.1,32.2,53.6,3,w,-1,12,16,2,24,27,32.4,0.3,0,-1,12,"*2-6,11/- (17-13)",A,17,C,C,,,,,318,,,,ss-3e18
MNA,"Rosario,E*",559,12,0,33.1,33.1,44.9,1.5,1,-6,3,15,0,29.9,29.9,47.8,4,5,-6,3,6/- (16-6),C,14,C,D,,,,565,,312,412,312,lf-3(-3)e12 rf-3e12 3b-5e65 cf-4e12
TEA,"Rua,R",139,52,0,10.4,10.4,31.9,5.4,8,0,10,57,0,7.8,7.8,12.6,1.6,1,-5,10,"*2-5,12/- (17-12)",C,14,D,D,,306,,,,302,402,302,lf-3(-1)e2 1b-3e6 cf-4e2 rf-3e2
ATN,"Ruiz,R*",12,0,0,0,17,0,0,w*,0,0,44,19,0,36,0,0,w*,0,0,-/- (---),E,11,D,C,,,,408,,,,,3b-4e8
CHN,"Russell,A",420,13,10,25.9,36.8,35.3,0.3,0,-10,11,24,10,21,32,30.5,2,w,-10,11,2/- (20-6),D,14,D,B,,,,,125,,,,ss-1e25
MLN,"Saladino,T",126,42,13,12.7,27.7,13.9,0,w,-3,17,39,2,23.2,27.2,40.2,5.4,8,-4,16,"*2-6,9/7 (15-7)",D,13,D,D,,,371,325,344,,,,ss-3e44 3b-3e25 2b-3e71
DEA,"Saltalamacchia,J+",7,71,16,0,16,0,0,w*,0,0,63,18,0,18,0,0,w*,0,0,-/- (---),E,9,D,D,401,530,,,,,,,"1b-5e30 c-4(+3)e1,T-6(pb-0)"
WAN,"Sanchez,A",58,5,0,36.6,36.6,53.5,0,w,-9,0,1,0,19.1,19.1,19.1,0,w,-9,0,-/- (---),E,11,D,C,,,308,335,,,,,2b-3e8 3b-3e35
NYA,"Sanchez,G",323,26,24,11.3,37.3,32.6,5,8*,0,14,31,17,3.5,22.5,12.3,2.8,5*,0,19,2/- (20-6),E,9,D,D,405,,,,,,,,"c-4(-2)e5,T-13(pb-10)"
CHA,"Sanchez,Y+",600,36,9,8.4,20.4,12.9,0,w,10,9,18,5,22.1,30.1,45.4,3.5,w,11,10,*2-5/- (16-11),B,14,C,C,,,312,215,472,,,,3b-2e15 2b-3e12 ss-4e72
SFN,"Sandoval,P+",230,8,6,2.9,10.9,4.8,0.1,1,0,27,25,5,23.5,30.5,38.5,3.5,8,8,22,-/- (---),E,10,D,D,,323,541,406,,,,,3b-4e6 1b-3e23 2b-5e41
MNA,"Sano,M",266,59,13,6.7,19.6,19.9,4.4,7*,0,13,59,15,11.1,26.1,28,3.2,5*,0,8,-/- (---),E,9,D,D,,530,,424,,,,,3b-4e24 1b-5e30
PHN,"Santana,C+",560,0,17,16,33,29.6,3.5,5,-2,15,11,26,12.4,38.3,24.3,2.5,2,-1,12,3/- (13-6),E,12,D,C,,311,,412,,,,,1b-3e11 3b-4e12
MLN,"Santana,D",211,45,7,22.5,30.5,31.4,0.3,0,-11,10,48,10,27.3,38.3,41,1.5,1,-12,11,6/11 (13-5),E,14,D,D,,,,,,,,403,rf-4(-2)e3
ATN,"Santana,D+",28,55,0,23.8,30.8,47.5,0,w*,0,0,46,17,2,26,4,0,w*,0,0,"*2-8,12/9-11 (15-8)",D,14,D,D,,,,,,402,402,402,lf-4(+1)e2 cf-4e2 rf-4e2
BAA,"Santander,A+",101,44,14,10.2,26.2,24.3,0,w,6,4,8,0,12.6,14.6,28.4,2.7,w,6,6,3/- (20-6),E,10,D,D,,,,,,,,412,rf-4(+1)e12
BAA,"Sardinas,L+",18,41,10,0,10,0,0,w*,0,30,27,12,5.9,17.9,23.6,5.9,8*,0,30,-/- (---),E,13,B,D,,,362,,,,,,2b-3e62
CIN,"Schebler,S*",380,13,0,32.8,37.8,45.5,3,4,-14,9,32,14,14.6,33.6,28.6,3,4,-4,6,"4,5/- (13-6)",C,13,D,C,,,,,,311,411,311,rf-3(0)e11 lf-3e11 cf-4e11
LAA,"Schimpf,R*",5,52,12,12.4,24.3,49.3,12.3,8*,0,0,25,25,23.1,48.2,92.6,23.1,8*,0,0,-/- (---),E,11,D,D,,,422,425,,504,,504,3b-4e25 2b-4e22 lf-5(+2)e4 rf-5e4
MLN,"Schoop,J",473,21,0,19.5,21.5,26.3,2.3,3,-3,18,26,0,16.6,18.6,34.5,3.8,6,-3,18,4/12 (13-5),E,13,D,C,,,223,,420,,,,2b-2e23 ss-4e20
CHN,"Schwarber,K*",428,42,22,15.5,37.5,24.9,2.2,w,-8,7,38,14,15.5,29.5,40.9,7.6,8,-4,8,"6,7/12 (13-7)",D,12,B,D,,,,,,402,,,lf-4(-3)e2
LAN,"Seager,C*",101,10,0,18.5,22.6,38.4,1.6,2,6,16,7,17,25.4,46.4,37.4,2.8,w,5,12,-/- (---),E,12,D,D,,,,,320,,,,ss-3e20
SEA,"Seager,K*",583,28,5,22.5,29.5,35.9,2.4,3,0,13,20,2,13.8,17.8,30.2,3,4,0,13,6/11 (13-5),E,10,D,C,,,441,215,,,,,3b-2e15 2b-4e41
SEA,"Segura,J",586,0,6,34.8,42.8,42.5,0.2,0,-3,21,0,1,34.5,37.5,50,3.6,w,-3,22,"*2-7,12/- (15-13)",A,16,A,B,,,,,320,,,,ss-3e20
OAA,"Semien,M",632,19,14,18.3,32.3,32.7,2.3,4,6,13,15,9,22.4,31.4,37.5,3.5,w,6,14,"*5,6/- (16-11)",B,15,D,C,,,,,321,,,,ss-3e21
WAN,"Severino,P",190,26,6,14.2,24.1,16.2,0,w,0,11,22,7,4.6,15.6,14.5,2.7,w*,0,11,2/- (20-6),E,12,D,C,202,,,,,,,,"c-2(-1)e2,T-1(pb-3)"
SFN,"Shaw,C*",54,74,14,3,17,4.1,0,w*,0,0,54,15,7.9,23,10.8,0.3,1,4,0,3/- (20-6),D,9,D,B,,,,,,512,,,lf-5(+2)e12
MLN,"Shaw,T*",498,13,17,13.5,32.5,17.3,0.5,0,-6,7,18,17,14.2,33.2,36.3,6.1,8,-2,8,6/- (14-6),C,13,B,C,,304,405,217,,,,,3b-2e17 2b-4e5 1b-3e4
MMN,"Shuck,J*",130,1,0,22,24,26.8,0,w,-11,4,11,5,10.6,17.6,12.6,0,w,-7,3,*3-7/10-12 (15-7),D,13,C,B,,,,,,406,406,406,rf-4(0)e6 lf-4e6 cf-4e6
WAN,"Sierra,M",54,54,0,6.1,14.1,8.1,0,w,4,27,42,0,4.3,12.3,6.2,0,w,4,25,"*2-8,11/9,10,12 (15-8)",D,11,D,B,,,,,,410,,410,lf-4(+1)e10 rf-4e10
MMN,"Sierra,M*",147,41,0,23.1,23.1,28.8,0,w,2,0,28,0,10.4,10.4,10.4,0,w,2,0,"*3,6-8/11 (15-10)",C,16,C,D,,,,,,,316,316,cf-3(-2)e16 rf-3e16
LAA,"Simmons,A",554,0,8,24.6,34.7,31.4,2.3,3,10,21,0,2,32.6,36.6,50.6,2.7,w,10,23,*5/- (19-6),B,14,B,B,,,,,112,,,,ss-1e12
BAA,"Sisco,C*",160,63,5,3.8,22.8,10,2,2*,0,8,49,5,8.3,27.3,18.7,1.9,w,1,6,2/- (20-6),E,9,D,D,401,,,,,,,,"c-4(+1)e1,T-2(pb-0)"
CHA,"Skole,M*",11,77,0,5.6,5.6,5.6,0,w,-3,0,16,29,23,52,59.4,12.1,8,-6,0,-/- (---),E,9,D,D,,403,,,,,,,1b-4e3
SFN,"Slater,A",199,35,2,25.1,32.1,27.4,0,w,4,17,44,14,16.5,35.5,23,1.5,w,4,17,*5/- (20-11),B,14,D,D,,417,,,,310,,410,lf-3(-1)e10 1b-4e17 rf-4e10
TOA,"Smith Jr,D*",65,5,7,7.7,20.6,14.1,0,w*,0,9,15,11,24.8,41.8,51.8,2.3,3,0,9,-/- (---),E,13,D,C,,,,,,407,,407,lf-4(+1)e7 rf-4e7
NYN,"Smith,D*",143,40,0,9.5,12.5,17.5,0,w*,0,10,43,0,18.2,21.2,38.6,2.8,5,-2,11,-/- (---),E,10,D,D,,322,,,,516,,,1b-3e22 lf-5(+2)e16
CHA,"Smith,K",171,0,3,41.1,50.1,57,3.1,4,-2,21,0,4,24.5,34.5,29,1.5,w,-2,20,2/- (20-6),E,9,D,B,404,,,,,,,,"c-4(+3)e4,T-3(pb-0)"
TBA,"Smith,M*",480,23,5,34.8,42.8,48.3,0,w,-2,16,13,10,29.5,42.5,43.9,0.9,w,-2,15,*3-6/- (18-15),AA,17,A,C,,,,,,408,308,408,cf-3(0)e8 rf-4e8 lf-4e8
TOA,"Smoak,J+",505,28,12,17,30,24.5,1.4,2,-2,15,35,24,13.7,38.7,34.8,4.2,7,0,11,5/- (3-1),E,9,D,C,,201,,,,,,,1b-2e1
OAA,"Smolinski,J",39,27,0,0,5,0,0,w*,0,32,29,0,0.6,5.6,1.8,0,w*,0,32,*3/- (20-11),D,12,D,D,,,,,,,301,,cf-3(0)e1
TBA,"Snyder,B",6,42,0,15.3,15.3,30.5,0,w*,0,0,58,0,0,0,0,0,w*,0,0,-/- (---),E,11,D,D,,,,427,,,,,3b-4e27
MLN,"Sogard,E*",97,38,7,0,11,0,0,w*,0,21,20,12,0.9,16.9,1.8,0,w*,0,20,*5/- (20-13),B,13,C,C,,,320,,310,525,,,ss-3e10 2b-3e20 lf-5(+2)e25
TOA,"Solarte,Y+",468,0,3,15.1,19,29.4,3.7,7,-3,33,10,3,17.4,21.4,24.7,1.5,2,-3,33,"6/8,9 (13-1)",E,9,D,C,,418,406,415,425,,,,3b-4e15 2b-4e6 ss-4e25 1b-4e18
KCA,"Soler,J",223,31,21,24.5,49.4,61,7.5,8,-1,9,33,14,19.1,37.2,31.1,1.4,3,-8,19,6/- (15-6),C,12,D,D,,,,,,,,410,rf-4(+1)e10
SLN,"Sosa,E",2,43,36,0,36,0,0,w*,0,0,43,36,0,36,0,0,w*,0,0,-/- (---),E,12,D,D,,,416,,,,,,2b-4e16
WAN,"Soto,J*",414,20,15,25,40,43,6,8,-15,15,20,23,24.5,47.5,42.8,3.3,6,-11,12,6/- (14-6),C,14,A,C,,,,,,303,,,lf-3(-1)e3
ARN,"Souza Jr,S",241,38,14,16.5,33.5,35.6,2,3,1,10,31,15,13.9,31.9,30.2,2.4,w*,0,10,*6/- (19-11),B,14,D,D,,,,,,,,208,rf-2(0)e8
SEA,"Span,D*",437,13,18,20.7,41.7,32.6,1.5,1,7,14,9,11,22.3,36.3,35,1.3,1,8,16,"*4,6/- (16-6)",B,14,D,C,,,,,,306,,,lf-3(0)e6
SDN,"Spangenberg,C*",298,54,0,4.3,6.3,11.9,0.8,0*,0,16,44,9,23,34,31.9,1,2,-8,12,*5/- (19-6),B,15,B,D,,,410,420,448,408,,,2b-4e10 3b-4e20 lf-4(+2)e8 ss-4e48
HOA,"Springer,G",544,28,14,25.5,41.5,39.5,3,4,-4,14,15,14,20.6,36.6,30.3,2.3,3,-4,14,7/12 (13-6),C,14,D,C,,,,,,301,201,201,cf-2(-2)e1 rf-2e1 lf-3e1
PIN,"Stallings,J",37,0,10,9.9,19.9,9.9,0,w,4,30,34,7,16.4,23.4,16.4,0,w,4,31,-/- (---),E,9,D,C,301,,,,,,,,"c-3(+1)e1,T-8(pb-0)"
NYA,"Stanton,G",617,32,13,28.6,44.6,60.9,8.4,8,-9,13,44,12,17.4,32.4,33.6,3.8,5,-7,14,2/- (20-6),D,13,D,C,,,,,,402,,302,lf-4(-2)e2 rf-3e2
HOA,"Stassi,M",221,39,4,16.8,26.8,29.6,2,2,-2,21,37,17,13.1,36.1,23.7,2,3,-2,13,-/- (---),E,10,D,D,301,,,,,,,,"c-3(0)e1,T-5(pb-4)"
WAN,"Stevenson,A*",75,54,0,13.5,16.5,13.5,0,w,4,0,35,6,21.3,30.3,30,2.8,w,4,0,3-6/9 (13-7),D,15,C,B,,,,,,214,214,,lf-2(+1)e14 cf-2e14
ARN,"Stewart,C",15,0,0,0,0,0,0,w*,0,34,0,8,17.9,25.9,17.9,0,w,4,31,-/- (---),E,8,C,C,416,,,,,,,,"c-4(+1)e16,T-20(pb-20)"
DEA,"Stewart,C*",60,0,22,10.7,35.7,10.7,0,w,3,9,21,20,22,45,34.5,2.2,3,3,8,-/- (---),E,10,D,C,,,,,,422,,,lf-4(+2)e22
BAA,"Stewart,D*",40,19,10,0,20,0,0,w*,0,0,31,9,18.5,37.5,49.1,7.3,8,0,0,*2-12/- (15-13),C,13,D,D,,,,,,408,,408,lf-4(+2)e8 rf-4e8
CON,"Story,T",598,26,7,31.3,40.3,70.4,8,8,-8,13,32,6,24.1,32.2,46,4,6,-9,15,*2-5/- (19-13),A,16,D,B,,,,,114,,,,ss-1e14
HOA,"Straw,M",9,0,0,0,0,0,0,w*,0,0,0,14,33.2,47.1,74.5,13.8,8,0,0,*4/- (20-11),C,17,D,C,,,,,,308,308,308,lf-3(-1)e8 rf-3e8 cf-3e8
CIN,"Suarez,E",527,24,17,27.8,47.8,48.5,5.4,8,-7,17,26,11,22.2,36.2,39,4.5,7,-7,26,3/12 (13-5),E,11,D,D,,,,322,410,,,,3b-3e22 ss-4e10
TBA,"Sucre,J",182,4,0,4.7,5.7,4.7,0,0,2,18,10,0,19.9,20.9,20.9,0,w,2,18,2/- (20-6),E,8,B,C,301,,,,,,,,"c-3(0)e1,T-6(pb-5)"
BAA,"Susac,A",26,70,0,0.2,0.2,0.3,0,w*,0,0,78,0,0,0,0,0,w*,0,0,-/- (---),E,9,D,D,301,,,,,,,,"c-3(+1)e1,T-12(pb-0)"
SEA,"Suzuki,I*",44,0,5,25.8,30.8,25.8,0,w,-8,0,9,4,13.7,17.7,13.7,0,w,-8,0,-/- (---),E,11,D,C,,,,,,401,,401,lf-4(+1)e1 rf-4e1
ATN,"Suzuki,K",347,9,4,21.9,33.9,37.7,4.3,8,-4,11,0,5,24.4,37.4,38.3,1.5,2,-4,11,-/- (---),E,9,D,C,304,,,,,,,,"c-3(+1)e4,T-7(pb-0)"
ATN,"Swanson,D",478,34,0,12.7,13.7,25.1,1.8,2,-2,6,23,7,20.8,28.8,32.7,1.5,3,-2,5,*2-5/- (16-11),B,15,B,C,,,,,212,,,,ss-2e12
TOA,"Sweeney,D+",2,0,56,0,56,0,0,w*,0,0,0,55,0,55,0,0,w*,0,0,-/- (---),E,15,D,D,,,,434,,417,,,lf-4(+2)e17 3b-4e34
BOA,"Swihart,B+",192,51,1,14.3,15.3,14.3,0,w,1,17,29,8,17.5,25.5,27.1,0.6,1,1,16,"*4,5/- (19-12)",B,14,D,C,402,426,571,465,,408,,408,"c-4(0)e2,T-3(pb-0) rf-4(+1)e8 1b-4e26 lf-4e8 3b-4e65 2b-5e71"
SDN,"Szczur,M",75,53,11,6.1,17.1,16.2,2,3*,0,19,27,14,10.3,24.3,11.8,0,w,4,18,*5/- (20-13),B,14,C,D,,,,,,202,302,202,lf-2(+1)e2 rf-2e2 cf-3e2
CON,"Tapia,R*",25,0,19,2.4,21.4,4.8,0,w*,0,0,44,2,15.6,17.6,44.9,4.4,6*,0,0,-/- (---),E,16,D,C,,,,,,,406,,cf-4(-1)e6
CON,"Tauchman,M*",32,73,8,0,8,0,0,w*,0,0,61,18,0,18,0,0,w*,0,0,*3/- (20-11),D,14,D,D,,,,,,305,405,,lf-3(0)e5 cf-4e5
OAA,"Taylor,B*",5,58,20,3.2,23.2,6.4,0,w*,0,0,34,31,15.8,46.8,31.4,0,w*,0,0,-/- (---),E,9,D,D,401,,,,,,,,"c-4(+1)e1,T-20(pb-0)"
LAN,"Taylor,C",536,26,16,14.8,33.8,30.4,2.5,3,-4,3,45,9,24.4,36.3,42.4,1.5,2,-4,4,*4-6/12 (15-9),C,15,D,D,,,334,,322,206,306,,ss-3e22 cf-3(0)e6 lf-2e6 2b-3e34
WAN,"Taylor,M",353,57,1,16.3,18.3,26.3,1.3,1,-7,19,31,10,18.4,29.4,37.3,2.5,w,-5,17,"*2-5,11,12/- (19-15)",A,16,C,D,,,,,,,102,,cf-1(-3)e2
MMN,"Telis,T+",29,44,0,0,0,0,0,w*,0,27,28,7,25.6,32.6,28.8,0,w,-5,24,-/- (---),E,9,D,D,401,512,,,,,,,"c-4(+2)e1,T-20(pb-0) 1b-5e12"
TOA,"Tellez,R*",70,56,0,19.9,19.9,34.5,1.1,1,4,0,29,0,40.2,40.2,89,7.8,8,4,0,-/- (---),E,10,D,D,,421,,,,,,,1b-4e21
MLN,"Thames,E*",247,47,5,10,17,25.1,2.8,3*,0,7,52,10,10.8,22.8,32.5,5.2,7,0,6,*6/- (20-11),B,12,D,D,,420,,,,411,,411,1b-4e20 rf-4(+1)e11 lf-4e11
CHA,"Thompson,T",128,68,0,2.3,2.3,7.7,1.6,3*,0,0,50,3,0.3,3.3,1.2,0.3,0*,0,0,*4-6/- (18-13),C,15,D,D,,,,,,206,306,206,rf-2(-2)e6 lf-2e6 cf-3e6
CHA,"Tilson,C*",106,32,16,0,18,0,0,w*,0,12,10,8,28.8,38.8,31.3,0,w,6,14,"*2-6,11,12/7,8 (15-5)",D,14,B,C,,,,,,305,305,,lf-3(+1)e5 cf-3e5
TEA,"Tocci,C",120,22,4,25.6,31.6,28.4,0,w,-10,12,53,3,11.3,16.3,21.8,0,w,-4,13,2-12/- (3-1),E,13,B,C,,,,,,204,204,204,cf-2(+1)e4 lf-2e4 rf-2e4
LAN,"Toles,A*",30,42,0,7.6,7.6,13.4,0,w,3,25,28,0,23,23,32.3,0,w,4,25,*3/- (20-11),D,16,D,D,,,,,,204,304,,cf-3(-1)e4 lf-2e4
SFN,"Tomlinson,K",140,25,8,9,20,13.1,0,w,6,15,24,1,15.1,19.1,20.4,0,w,6,17,2-12/- (3-1),E,14,B,D,,,339,308,414,,,,2b-3e39 ss-4e14 3b-3e8
NYA,"Torres,G",431,40,10,17.5,29.5,50.1,10.2,8,-4,13,26,9,24.9,35.9,36,2.8,3,-5,13,6/- (15-6),C,12,C,D,,,219,,348,,,,2b-2e19 ss-3e48
KCA,"Torres,R+",28,0,0,18.4,18.4,29.6,0,w,-6,28,0,0,0.7,0.7,0.7,0,w,0,28,-/- (---),E,13,C,C,,,371,305,,,,,3b-3e5 2b-3e71
NYA,"Torreyes,R",100,29,0,25.8,25.8,49.1,0,w,-4,23,1,0,31.6,31.6,40.3,0,w,-4,23,-/- (---),E,14,D,C,,,205,250,307,,,,2b-2e5 3b-2e50 ss-3e7
CIN,"Trahan,B",14,45,0,7.1,7.1,7.1,0,w,-4,0,30,0,21.7,21.7,21.7,0,w,-9,0,-/- (---),E,11,A,D,,,339,437,412,,,,3b-4e37 ss-4e12 2b-3e39
TOA,"Travis,D",357,2,0,23.5,26.5,40.4,4.1,7,-8,17,15,0,17.5,20.4,25.5,0.8,1,-8,17,"4,5/12 (13-6)",D,13,D,C,,,416,,,,,,2b-4e16
BOA,"Travis,S",36,14,16,7.3,23.3,14.3,0,w*,0,18,44,0,20.7,20.7,46,3.8,6,4,23,-/- (---),E,10,D,D,,309,,,,425,,,lf-4(+2)e25 1b-3e9
TEA,"Trevino,J",8,2,0,22,22,22,0,w,4,34,1,0,22.5,22.5,22.5,0,w,4,34,-/- (---),E,9,D,C,301,,,,,,,,"c-3(0)e1,T-20(pb-0)"
LAA,"Trout,M",471,24,29,22.4,55.3,41,3.4,5,-10,0,17,28,26,58,56,8.5,8,-10,0,*7/- (19-12),A,17,D,D,,,,,,,100,,cf-1(-2)e0
BAA,"Trumbo,M",330,23,6,23.1,30.1,36.1,4,7,-13,21,29,7,22.2,30.2,34.8,3.5,6,-13,22,-/- (---),E,10,D,D,,525,,,,,,504,rf-5(0)e4 1b-5e25
HOA,"Tucker,K*",64,9,10,7,23,14,0,w*,0,10,17,8,1.1,15.1,3.5,0,w*,0,10,"*2-7,11,12/9,10 (15-8)",D,12,D,C,,,,,,418,,418,lf-4(+1)e18 rf-4e18
ATN,"Tucker,P*",166,18,0,9.2,14.2,16,0,w*,0,7,28,7,14.9,26.9,31.1,2.8,4,6,6,-/- (---),E,11,D,D,,,,,,404,,404,lf-4(+1)e4 rf-4e4
LAN,"Turner,J",365,7,22,31.5,59.5,54.9,1.8,2,-5,14,1,10,29.4,45.4,45.1,2.8,4,-6,17,4/- (13-6),E,12,D,C,,,,219,,,,,3b-2e19
WAN,"Turner,T",664,0,13,27,42,36.9,0.2,0,-3,5,17,11,23.2,36.2,33.3,2.3,2,-3,5,"*2-5,12/- (19-13)",AA,17,B,D,,,,,212,,,,ss-2e12
LAA,"Upton,J",533,38,10,11.9,25.9,18.6,2.3,4,-6,24,34,16,21.5,41.5,36.8,4.3,8,-11,12,5/- (16-6),C,14,D,D,,,,,,405,,,lf-4(0)e5
TOA,"Urena,R+",99,41,0,36.2,36.2,46.3,3.4,6,-9,16,40,8,29.8,37.8,34.5,0,w,-8,21,*4-6/- (15-11),C,12,C,D,,,314,432,432,,,,ss-4e32 2b-3e14 3b-4e32
SDN,"Urias,L",48,7,0,31.7,35.7,67.9,8.8,8,-8,0,19,9,5.8,18.8,10.7,1.6,2,-2,0,3/- (20-6),D,12,C,C,,,306,,,,,,2b-3e6
TOA,"Urshela,G",43,25,3,21,29,28.6,2.5,4,-8,17,21,1,19.1,25.1,20.8,0.4,0,-8,18,-/- (---),E,10,D,C,,,,310,422,,,,ss-4e22 3b-3e10
LAN,"Utley,C*",164,26,18,2.2,26.2,4.4,0,w*,0,10,15,6,14.4,26.4,26.5,1.4,w,6,12,*7/- (17-6),C,13,D,C,,414,314,,,,,,2b-3e14 1b-4e14
CON,"Valaika,P",122,17,9,5.6,14.6,13.1,1.5,2*,0,23,33,3,3.7,6.7,5.7,0,w*,0,25,-/- (---),E,13,C,D,,416,406,413,406,,,,2b-4e6 1b-4e16 3b-4e13 ss-4e6
LAA,"Valbuena,L*",266,48,3,11.7,15.8,18,1.9,2,2,3,52,3,12.8,16.8,21.3,2.3,2,2,3,3/- (20-6),C,11,D,D,,322,513,318,,,,,3b-3e18 1b-3e22 2b-5e13
BAA,"Valencia,D",255,6,11,26.5,37.4,40.3,3.8,7,-1,21,24,5,20.6,25.6,25.8,0.8,0,-1,23,6/12 (13-5),E,10,D,D,,416,,417,,,,402,3b-4e17 rf-4(+1)e2 1b-4e16
PHN,"Valentin,J+",79,28,15,10.1,28.1,28.3,4.1,5*,0,6,37,8,7.4,18.4,17.2,0,w*,0,8,-/- (---),E,10,D,D,,,459,433,429,513,,513,3b-4e33 2b-4e59 ss-4e29 lf-5(+2)e13 rf-5e13
BAA,"Valera,B+",64,48,5,29.5,34.5,36.8,0,w,4,0,7,13,15,28,18.9,0,w,4,0,3/- (20-6),D,14,D,C,,,437,426,428,,,425,2b-4e37 3b-4e26 ss-4e28 rf-4(+2)e25
ARN,"Vargas,I+",19,5,3,2.5,5.6,2.5,0,w*,0,33,27,0,18.5,18.5,49.2,10.3,8,4,34,*3/- (20-11),D,13,D,C,,,410,465,432,,,,2b-4e10 3b-4e65 ss-4e32
BOA,"Vazquez,C",251,9,9,16.6,28.6,25.6,0,w,-6,14,8,0,11.9,14.9,22.1,3.4,w,-7,16,*6/- (18-6),C,11,D,B,205,,,565,,,,,"c-2(-3)e5,T-4(pb-7) 3b-5e65"
TBA,"Velazquez,A+",10,19,0,32.8,52.8,50.5,0,w,4,0,31,14,21,55,29.3,0,w,3,0,*3/- (20-11),D,16,D,D,,,339,327,327,,304,304,3b-3e27 ss-3e27 2b-3e39 cf-3(+1)e4 rf-3e4
LAN,"Verdugo,A*",77,0,0,20,20,33.8,0,w,-4,34,15,16,24.7,40.7,42.9,3.1,w,-7,27,-/- (---),E,11,D,C,,,,,,309,309,309,lf-3(-2)e9 rf-3e9 cf-3e9
BAA,"Vielma,E+",7,59,10,22.5,32.5,22.5,0,w,-8,0,58,26,0,26,0,0,w*,0,0,-/- (---),E,12,C,D,,,456,,460,,,,2b-4e56 ss-4e60
SDN,"Villanueva,C",351,39,8,28.1,41.1,68.6,13.5,8,-11,9,29,3,13.1,21.1,25.9,2.4,3,-3,30,2/- (20-6),D,11,D,D,,420,471,423,448,,,,3b-4e23 1b-4e20 2b-4e71 ss-4e48
BAA,"Villar,J+",466,41,1,24.4,27.4,34.3,2.3,3,-6,18,33,9,23,34,28,1.6,1,-5,16,"*2-5,12/- (19-15)",AA,17,C,D,,,313,,327,,,,2b-3e13 ss-3e27
KCA,"Viloria,M*",27,56,0,0,0,0,0,w*,0,28,44,0,31,31,42.3,0,w,4,22,-/- (---),E,8,C,D,401,,,,,,,,"c-4(+1)e1,T-9(pb-3)"
SEA,"Vincej,Z",4,25,0,55.1,55.1,55.1,0,w,-9,0,37,0,56.2,56.2,56.2,0,w,-9,0,-/- (---),E,12,C,D,,,,437,,,,,3b-4e37
SEA,"Vogelbach,D*",87,50,11,0,16,0,0,w*,0,28,24,20,13.2,38.2,25.6,4.1,7,-6,23,-/- (---),E,8,D,D,,516,,,,,,,1b-5e16
NYA,"Voit,L",143,29,7,31.8,40.8,87.9,18.7,8,3,16,34,19,26.1,47.1,53.5,8.3,8,2,8,-/- (---),E,10,D,D,,410,,,,,,512,1b-4e10 rf-5(+2)e12
CIN,"Votto,J*",503,16,21,21,46,28,1.8,1,-1,16,9,29,24.2,57.2,33.1,0.5,0,-1,15,2/- (20-6),E,9,D,C,,206,,,,,,,1b-2e6
NYA,"Wade,T*",66,51,0,0,0,0,0,w*,0,11,45,5,11.5,16.5,21.6,0.3,0*,0,11,3/- (20-6),D,15,D,D,,,311,332,323,417,,417,2b-3e11 ss-3e23 lf-4(+1)e17 rf-4e17 3b-3e32
PHN,"Walding,M*",17,94,0,0,0,0,0,w*,0,6,65,15,5.3,20.3,21,5.3,7*,0,6,-/- (---),E,10,D,D,,,,425,,,,,3b-4e25
ARN,"Walker,C",49,56,4,8,16,32,8,8*,0,15,79,4,2.3,10.3,9,2.3,4*,0,6,*3/- (20-11),D,11,D,D,,421,,,,506,,,1b-4e21 lf-5(+2)e6
NYA,"Walker,N+",347,29,9,4.2,16.2,12,2.6,w,0,4,23,12,15.8,30.8,23.1,2,2,6,3,-/- (---),E,12,D,D,,405,312,410,,513,,413,1b-4e5 2b-3e12 3b-4e10 rf-4(+1)e13 lf-5e13
MMN,"Wallach,C",45,46,18,10.6,37.5,21,0,w*,0,0,69,6,6.4,21.5,11.7,1.8,3,-2,0,-/- (---),E,8,C,D,316,,,,,,,,"c-3(0)e16,T-20(pb-2)"
LAA,"Ward,T",135,12,5,13.2,23.2,31.2,6,8,-4,0,55,6,4.3,15.3,10,1.9,2*,0,0,4/- (20-6),D,11,D,D,,,,422,,,,,3b-4e22
TBA,"Wendle,J*",487,18,9,28.3,41.3,38.9,0,w,-2,15,13,2,33.6,39.6,45.4,0.2,0,-2,19,"*4,6/- (18-12)",A,15,B,C,,,208,306,442,413,,,2b-2e8 3b-3e6 lf-4(+2)e13 ss-4e42
HOA,"White,T",210,32,22,25.3,49.3,53.8,3.5,5,6,0,16,10,20.1,32.2,41,4.5,7,7,0,"2-5,12/- (3-1)",E,10,D,D,,404,,,,,,,1b-4e4
WAN,"Wieters,M+",235,38,20,7.3,30.3,15.1,2.6,4,1,13,7,10,18,31,26.1,1.8,2,1,16,"5,6/- (3-1)",E,8,D,C,302,,,,,,,,"c-3(-1)e2,T-7(pb-0)"
BAA,"Wilkerson,S+",46,53,0,0,0,0,0,w*,0,0,41,10,14.6,24.6,28.6,0,w*,0,0,*3/- (20-11),D,12,C,D,,,314,365,440,,,,2b-3e14 3b-3e65 ss-4e40
TBA,"Williams,J*",1,0,0,0,0,0,0,w*,0,34,0,0,0,0,0,0,w*,0,34,-/- (---),E,11,D,C,,,,,,,,404,rf-4(0)e4
CIN,"Williams,M*",123,27,2,21.7,23.7,28.1,0,w,-11,29,24,0,36.5,36.5,43.3,0.5,0,-11,34,"2-6,12/7-9 (13-4)",D,14,B,D,,,,,,201,301,201,rf-2(-1)e1 lf-2e1 cf-3e1
PHN,"Williams,N*",407,46,3,21.1,29.1,25.6,1.5,1,-10,4,25,5,22.9,32.8,35.1,3,4,-10,5,7/- (13-6),D,12,D,D,,,,,,405,,405,rf-4(+1)e5 lf-4e5
SFN,"Williamson,M",94,28,18,24.8,42.8,39.1,2.2,5,-7,5,30,13,5.3,18.3,17,3.7,7,0,5,"2-5,11,12/9 (13-6)",D,13,D,D,,,,,,402,,402,lf-4(0)e2 rf-4e2
MNA,"Wilson,B",135,31,14,6.9,20.9,13.3,0,w*,0,28,30,8,8,15.9,15,0.3,0,2,30,-/- (---),E,8,C,B,301,,,,,,,,"c-3(0)e1,T-4(pb-1)"
CIN,"Winker,J*",281,17,28,10.8,40.8,17.5,2.3,2,-2,11,4,17,32.5,51.5,42,0.8,0,-2,13,-/- (---),E,9,D,C,,,,,,402,,402,lf-4(+1)e2 rf-4e2
SLN,"Wisdom,P",50,42,9,27.1,44.1,54.1,9,8,-7,5,42,18,11.7,37.7,36.2,7.8,8,-1,8,*2-8/- (15-13),C,12,D,D,,430,,323,,,,,3b-3e23 1b-4e30
CON,"Wolters,T*",182,16,8,6.8,21.8,17,0,w*,0,21,8,16,6.4,29.4,14.1,0.6,0*,0,19,3/- (20-6),D,12,D,B,203,,441,465,,425,,,"c-2(-1)e3,T-10(pb-4) 2b-4e41 3b-4e65 lf-4(+2)e25"
SLN,"Wong,K*",353,2,7,20.8,35.8,30.4,2.3,w,-7,11,12,5,20,33,30.2,1.3,2,-7,11,*3-7/9 (15-8),C,14,C,C,,,115,,,,,,2b-1e15
NYN,"Wright,D",2,0,22,0,22,0,0,w*,0,0,0,40,0,40,0,0,w*,0,0,-/- (---),E,8,D,D,,,,521,,,,,3b-5e21
BAA,"Wynns,A",110,29,0,14.1,14.1,14.1,0,w,-11,34,16,2,30.1,32.2,47.4,5.4,8,-11,33,-/- (---),E,8,B,C,301,,,,,,,,"c-3(-1)e1,T-5(pb-2)"
MLN,"Yelich,C*",574,17,9,35.4,47.4,59,4.8,6,-2,13,23,13,29.2,45.2,53.5,5,6,-2,16,"*4,5/- (19-12)",A,17,D,B,,,,,,103,203,103,rf-1(0)e3 lf-1e3 cf-2e3
LAA,"Young,C",113,23,4,8.3,16.3,27.8,5.6,8*,0,4,49,15,3,22,12,3,4*,0,3,4/- (20-6),D,13,D,D,,,,,,305,405,305,rf-3(+1)e5 cf-4e5 lf-3e5
LAA,"Young,E+",109,20,0,19.1,21.1,33.1,1.6,1,-9,27,31,7,11.6,20.6,21.1,0,w,-2,25,"*2-5,12/- (19-13)",B,16,D,B,,,,,,305,405,,cf-4(+1)e5 lf-3e5
CHN,"Zagunis,M",5,0,18,39.1,57.1,54.1,0,w,-7,0,38,15,27.9,42.8,43.5,0,w,-7,0,-/- (---),E,12,D,D,,,,,,,,406,rf-4(+2)e6
CLA,"Zimmer,B*",106,53,4,20.3,26.3,24.9,0.9,0,-10,4,60,3,16.9,21.9,23.2,0.4,0,-9,4,"*5,6/- (19-13)",B,17,D,D,,,,,,,202,,cf-2(-3)e2
WAN,"Zimmerman,R",288,8,22,31,55,54.8,5.4,8,-4,18,13,8,17.5,27.5,37.3,2.8,3,-2,23,5/12 (13-5),E,11,D,C,,305,,,,,,,1b-3e5
CHN,"Zobrist,B+",455,0,7,37,45,45.7,0,w,3,13,4,15,26.3,42.3,36.9,1,2,3,11,7/10 (13-4),D,13,C,B,,425,305,,,303,,303,rf-3(0)e3 2b-3e5 lf-3e3 1b-4e25
SEA,"Zunino,M",373,57,6,7.9,16.9,19.7,3.7,6,-1,17,55,4,12.5,19.5,30.7,4.2,7*,0,16,-/- (---),E,9,D,D,101,,,,,,,,"c-1(-3)e1,T-4(pb-5)"
