TM,PITCHERS,IP,SO vlhp,BB vlhp,HIT v lhp,OB v lhp,TB v lhp,HR v lhp,BP v lhp,DP vlhp,SO v rhp,BB v rhp,HIT v rhp,OB v rhp,TB v rhp,HR v rhp,BP v rhp,DP v rhp,HO,ENDURANCE,FIELD,BK,WP,BAT-B,STL,SPD
KCA,"Adam,J",32,18,31,8.6,39.5,26.9,5,8*,0,46,1,20.4,21.4,62.3,10.5,8*,0,3,R(1),3- 0,11,20,1WR-C,E,10
WAN,"Adams,A",1,0,64,13.2,77.2,13.2,0,0*,0,0,78,0,78,0,0,0*,0,-1,R(1),4- 0,0,0,1WR-C,E,10
NYA,"Adams,C",8,12,0,12.6,12.6,48.6,12,8*,12,0,43,17.5,60.4,50.3,8.5,8,4,-1,S(4) R(3),3- 0,0,0,1WR-C,E,10
MLN,"Albers,M",34,19,11,27,38,64.9,9,8,7,19,2,33,35,54.6,5.8,8,5,6,R(2) C(0),3- 0,0,5,1WL-C,E,10
MMN,"Alcantara,S",34,13,29,3.1,32.1,6.1,0,0*,2,32,23,13.2,36.2,30.8,2.2,5*,3,0,S(5),2- 0,0,0,1WR-D,E,10
DEA,"Alcantara,V",30,8,0,15.2,15.2,34.3,2.8,5*,2,19,5,10.8,15.8,26.1,3.2,6*,2,-1,R(1),3- 0,0,16,1WR-C,E,10
LAN,"Alexander,S*",66,33,10,3.9,13.9,6.9,0,0,12,12,14,22.3,36.3,32,1.2,2,12,2,R(1) C(2),2- 0,0,6,1WL-B,E,10
ATN,"Allard,K*",8,0,6,63.7,69.7,99.3,8.4,8*,0,0,11,46.9,57.9,73.8,8.2,8,5,-1,S(4) R(3),3- 0,20,0,3WL-C,E,10
CLA,"Allen,C",67,39,15,12.8,27.8,25.8,3.4,5,0,32,16,6.9,22.9,17.4,2.2,4,8,0,R(1) C(4),3- 0,0,9,1WR-C,E,10
LAA,"Almonte,M",7,12,8,19.1,27.1,55,9.4,8,0,26,13,31,44,69.6,0,0,0,-1,R(1),4- 0,0,20,1WR-C,E,10
CON,"Almonte,Y",15,35,9,21.5,30.5,42.9,0,0*,11,20,4,26.3,30.3,40,1.6,2,12,2,R(2),4- 0,0,16,1WS-C,E,10
SEA,"Altavilla,D",21,48,26,1.4,27.4,5.7,1.4,1*,0,22,33,6.8,39.8,13.9,0.8,1*,14,6,R(1),2- 0,0,20,1WR-C,E,10
TBA,"Alvarado,J*",64,35,16,6.7,22.6,12.1,0,0,1,47,10,5,15,9.3,0,0*,1,-1,R(1) C(3),4- 0,0,6,1WL-C,E,10
LAA,"Alvarez,J*",63,24,4,13.5,17.5,22.5,0,0,9,24,14,13.9,28,21.1,0,0,8,0,R(1) C(0),2- 0,0,3,1WL-C,E,10
OAA,"Anderson,B*",80,0,0,22.5,22.5,39.9,0.2,0,12,9,0,26,26,41,2.6,5,12,-5,S(5),3- 0,0,8,2WL-D,E,10
MLN,"Anderson,C",158,23,11,9.9,20.9,18.8,2.8,3,8,15,10,14.2,24.1,35.8,5.8,8,9,1,S(5),3-10,0,0,1WR-D,E,14
PHN,"Anderson,D",13,15,0,26.4,26.4,36.6,0,0,5,19,0,34.3,34.3,66.8,0,0*,5,9,S(4) R(3),5-51,0,0,1WR-C,E,10
LAA,"Anderson,J",55,31,30,8.1,38.1,8.1,0,0,3,39,22,9.3,31.3,9.3,0,0,2,-1,R(1) C(2),3-26,7,20,1WL-C,E,10
PIN,"Anderson,T",11,0,39,24.8,63.8,39.5,0,0,8,18,0,32.2,32.2,43.5,2.8,5,12,5,R(2),3- 0,0,20,1WR-C,E,10
CON,"Anderson,T*",176,22,7,24.8,31.8,45.5,4.1,5,9,25,9,13.8,22.8,29.5,3,4,8,-3,S(6),2- 8,4,11,1WL-C,E,10
ARN,"Andriese,M",79,18,3,18.3,21.3,33.4,2.2,4,10,33,5,23.1,28.1,49.3,4.9,8,3,2,S(4) R(3),4-19,0,8,1WR-C,E,10
PHN,"Arano,V",59,15,5,17.4,22.4,32.3,1.4,1,5,40,2,5.4,7.4,11.2,0.8,0,4,5,R(2) C(2),3- 0,0,3,1WR-C,E,10
BAA,"Araujo,P",28,41,2,14.7,16.7,36.6,3.6,7*,7,13,35,11.5,46.5,44,10.5,8*,6,9,R(2),3- 0,0,0,1WR-C,E,10
PIN,"Archer,C",148,23,9,19.4,28.4,38.4,3,5,7,35,6,20.6,26.6,30.8,0.8,1,7,2,S(6),4-10,0,8,1WR-D,E,10
SEA,"Armstrong,S",15,23,0,1.8,1.8,3.6,0,0*,0,45,0,9.3,9.3,21.3,1.4,2*,0,-1,R(1) C(0),2- 0,0,0,1WR-C,E,10
PHN,"Arrieta,J",173,19,10,18.1,28.1,30.4,2.4,2,12,17,7,11.6,18.6,19.8,1.2,1,11,4,S(6),3-33,2,14,6NR-B,E,14
MLN,"Asher,A",3,19,0,12,12,24,0,0*,0,0,20,0,20,0,0,0*,0,-1,R(1),5- 0,0,0,1WR-C,E,10
PHN,"Avilan,L*",45,31,9,13,22,24.9,0,0,0,34,8,22.1,30.1,28.1,0.8,1,0,0,R(1) C(1),2- 0,0,9,1WL-C,E,10
LAN,"Axford,J",55,47,16,5.6,21.5,15.1,2.6,4*,3,16,9,21.1,30.1,31.9,0.8,0,12,2,R(2),4-51,0,20,1WR-C,E,10
LAN,"Baez,P",56,22,25,4.6,29.6,13.1,0,0*,1,38,4,15.7,19.7,27.2,0.6,1,1,8,R(1),4- 0,6,0,1WR-C,E,10
DEA,"Baez,S",14,1,38,3.3,41.3,12.1,2.8,4*,3,14,12,9.9,22,22.3,1.6,3,3,2,R(2),3- 0,0,14,1WR-C,E,10
CIN,"Bailey,H",106,11,2,27.8,29.8,53.8,4.8,7,0,8,2,30.7,32.7,48.6,3.2,4,0,2,S(5),3- 0,3,3,1WR-B,E,13
TBA,"Banda,A*",15,3,22,16.9,38.9,28.3,0,0,11,19,0,15.4,15.4,34,1.2,2,12,-1,S(4) R(4),3- 0,0,0,1WL-C,E,10
DEA,"Barbato,J",7,0,26,36,62,92.9,16.7,8,0,0,7,35.5,42.5,57.3,7.3,8,0,-1,R(1),3- 0,0,20,1WR-C,E,10
LAA,"Bard,L",12,47,5,11.9,16.9,43.3,10.5,8,0,11,13,8.3,21.3,32.3,8,8*,0,-1,R(2),2- 0,0,18,1WR-C,E,10
KCA,"Barlow,S",15,20,0,18.9,18.9,30.9,0,0,0,28,3,19,22,33.3,4.8,8,0,-1,R(3),4-51,0,0,1WR-C,E,10
TOA,"Barnes,D",41,27,24,14.1,38.1,36.8,3.6,6*,6,13,8,24.7,32.7,44.8,0.6,0,7,9,R(1),5-35,0,0,1WL-C,E,10
MLN,"Barnes,J",49,19,21,24.1,45.2,29.1,0,0,5,23,6,16.8,22.8,28.5,2.6,4,5,9,R(1) C(1),5-51,0,17,1WR-C,E,10
BOA,"Barnes,M",62,40,21,9.4,30.4,17.4,0,0,0,55,13,5.1,18,12.8,2,3*,0,7,R(1) C(0),4- 0,0,20,1WR-C,E,10
TEA,"Barnette,T",26,9,10,2.6,12.6,5.2,0,0*,8,41,0,11.2,11.2,25.1,1.4,2*,9,-1,R(2),3- 0,0,0,1WR-C,E,10
MMN,"Barraclough,K",56,24,15,1.6,16.6,5.8,1.4,3*,3,36,24,7.7,31.7,21.5,3.4,7*,1,7,R(1) C(3),3- 0,0,15,1WR-C,E,10
ARN,"Barrett,J",7,17,0,37.4,37.4,93.6,13.5,8,9,17,14,18.5,32.5,39.5,0,0,12,-1,R(1),4- 0,0,20,1WR-C,E,10
LAA,"Barria,J",129,18,6,13.4,19.4,20.4,1.2,0,8,14,14,19.4,33.4,34.8,3,5,4,-4,S(5),3- 0,3,4,1WR-C,E,10
NYN,"Bashlor,T",32,16,0,12.6,12.6,41.2,8,8*,0,15,23,7,30,17.6,1.8,2*,0,9,R(2),5-46,0,6,1WR-C,E,10
CHN,"Bass,A",15,19,0,35.7,35.7,45.3,3.2,6,11,26,4,28.3,32.3,35.5,0,0,12,9,R(1),3- 0,0,20,1WR-C,E,10
OAA,"Bassitt,C",48,26,9,11.3,20.3,11.3,0,0,0,15,15,9.1,24.2,15.2,1.6,3,0,0,S(5) R(3),3-31,0,9,1WR-C,E,10
CLA,"Bauer,T",175,42,7,7.5,14.5,9.7,0,0,2,45,10,10.4,20.4,17,0,0,2,2,S(6) R(3) C(0),3- 0,0,16,1WR-D,E,10
NYN,"Baumann,B*",3,0,17,60,76.9,83,0,0*,0,6,34,26.5,60.5,66.7,8.3,8*,0,9,R(2),4- 0,0,0,1WL-C,E,10
NYN,"Bautista,G",4,0,39,30.5,69.5,105.2,22.1,8*,0,7,33,28.7,61.7,75.8,9.3,8*,0,-1,R(1),3- 0,0,20,1WR-C,E,10
NYN,"Beck,C",34,0,18,20,38,36.2,1.8,2,3,15,23,12.9,35.9,45.6,9.9,8*,3,0,R(3) C(0),4-43,0,6,1WR-C,E,10
LAA,"Bedrosian,C",64,30,13,24.1,37.1,33.7,0,0,5,17,12,16.8,28.8,26.2,2.6,4,15,-3,R(1) C(0),4-22,0,3,1WR-C,E,10
SFN,"Beede,T",8,15,44,16.2,60.2,29.4,0,0*,2,21,21,26.5,47.5,50.3,0,0,3,9,S(4),2- 0,0,0,1WR-C,E,10
TBA,"Beeks,J*",51,25,5,9.2,14.2,20.5,1,2,12,15,18,22,40,37.6,1.8,3,11,-4,R(4),4- 0,0,0,1WL-C,E,10
MNA,"Belisle,M",34,6,2,37.2,39.2,52,1.8,1,3,14,8,30.5,38.5,59.5,4.3,7,3,3,R(1),4-42,0,5,1WR-C,E,10
CLA,"Beliveau,J*",5,0,29,26.6,55.6,92,21.8,8*,10,0,39,31.5,70.5,48.5,0,0,2,-1,R(1) C(0),5- 0,0,0,1WL-C,E,10
DEA,"Bell,C*",7,9,0,60.3,60.3,69.1,0,0,3,11,0,48.6,48.6,96.3,5.5,8,4,-1,R(2),4- 0,0,0,1WR-C,E,10
SEA,"Bergman,C",14,23,10,6.5,16.5,20,3.6,6*,9,0,0,23.1,23.1,77.2,15.5,8*,9,-1,S(4) R(3),3- 0,0,0,3WR-C,E,10
MNA,"Berrios,J",192,35,12,7.5,19.5,17.2,1.6,2,3,29,4,13.9,17.9,21.9,2,2,2,-2,S(6),2- 8,0,1,1WR-D,E,10
NYA,"Betances,D",67,55,6,7.9,13.9,15.6,2.5,3,0,54,15,2.2,17.1,4.2,0.6,0,0,9,R(1) C(2),4-51,5,14,1WR-C,E,10
CON,"Bettis,C",120,14,10,12.9,23,26.1,2.8,3,9,5,10,25.2,35.2,43.8,2.6,3,9,-5,S(6) R(3),2- 0,3,5,1WR-C,E,13
TOA,"Biagini,J",72,10,8,29.9,37.8,51.9,3.2,5,12,13,7,25.5,32.5,38,3.4,6,11,7,S(4) R(3),5-20,0,20,1WR-C,E,10
TEA,"Bibens-Dirkx,A",45,8,5,23,28,54.7,7,8,9,17,8,27,35,39.5,1.2,2,9,-3,S(5) R(3),3- 0,0,9,1WR-C,E,10
ATN,"Biddle,J*",64,26,12,15.6,27.5,28.8,3,6,8,35,14,10.2,24.2,12.4,0,0,9,-3,R(2) C(0),4-46,0,6,4WL-C,E,10
CLA,"Bieber,S",115,30,5,30,35,56.4,2.2,2,4,27,0,20.3,20.3,31.5,1,1,10,0,S(6),3- 0,0,9,3WR-C,E,10
SFN,"Blach,T*",119,4,8,28.6,36.7,33.7,0,0,12,9,7,25.4,32.3,31.6,0,0,12,-3,S(4) R(3),2- 0,3,1,1WR-B,E,14
SFN,"Black,R",23,41,7,21,28,71.4,11.5,8*,0,49,18,5.9,23.9,15.8,2,4*,0,8,R(1),3- 0,0,9,1WR-C,E,10
OAA,"Blackburn,P",28,15,0,33.7,33.7,48.2,0,0,9,7,5,24,29,37.4,0.4,1,9,5,S(5),4- 0,0,7,1WR-D,E,10
OAA,"Bleich,J*",0,24,0,54,54,108,0,0*,0,2,0,75.6,75.6,151.1,0,0*,0,-1,R(1),3- 0,0,0,1WL-C,E,10
BAA,"Bleier,R*",33,0,0,24.3,24.3,24.3,0,0,12,2,0,23.3,23.3,42.6,0,0,12,-1,R(1),4- 0,0,6,1WL-C,E,10
NYN,"Blevins,J*",43,19,8,14.8,22.8,32.8,3.4,6,0,28,22,7.2,29.2,18.2,2,2*,0,-3,R(1) C(0),2- 0,0,4,3WL-C,E,10
TOA,"Borucki,R*",98,14,0,17,17,25.5,1.2,1,12,10,9,16.7,25.7,27.4,0.2,0,12,9,S(6),4-15,0,4,1WL-C,E,10
SLN,"Bowman,M",23,38,0,24.1,24.1,71.3,11.7,8,2,23,19,28.5,47.5,35.3,0,0,2,-1,R(2),3-51,0,8,1WR-C,E,12
ARN,"Boxberger,B",53,39,18,10,28,30.1,6.7,8*,2,38,18,11.7,29.7,20,1,1,3,6,R(1) C(5),3- 0,0,12,1WR-C,E,10
DEA,"Boyd,M*",170,32,0,12.6,12.6,30.6,3.6,6*,3,23,9,10.3,19.3,24,3,5,2,6,S(6),4-17,4,7,1WL-D,E,10
KCA,"Boyer,B",22,0,16,28,44,66.6,6.5,8,2,0,11,34.1,45.1,79,9.6,8,2,1,R(1) C(0),3- 0,0,0,1WR-C,E,10
ATN,"Brach,B",63,12,16,30.5,46.5,36,0,0,0,28,7,15.8,22.9,28.2,1.2,1,1,7,R(1) C(3),4-23,5,9,1WR-C,E,10
ARN,"Bracho,S",31,34,19,14.3,33.3,28.7,0,0,2,36,2,11.9,13.9,24.4,1.6,3,1,6,R(2),4-47,0,14,1WR-C,E,10
SEA,"Bradford,C",54,15,2,19.3,21.3,35.5,3,5,3,11,5,19.5,24.5,29.8,2.6,5,3,8,R(2),5-51,0,3,1WR-C,E,10
ARN,"Bradley,A",72,38,13,2.4,15.4,4.6,0,0,9,25,0,22.4,22.4,41.4,4,7,9,1,R(1) C(2),3- 0,5,6,1WR-C,E,13
BOA,"Brasier,R",34,19,7,14.3,21.3,22.9,0.2,0,12,39,0,0,0,0,0,0*,12,-1,R(1),2- 0,0,7,1WR-C,E,10
PIN,"Brault,S*",92,17,23,7,29.9,10.4,0.8,0,5,21,18,13.4,31.4,26.2,2,4,5,0,S(5) R(3),1- 0,0,20,2WL-D,E,10
SLN,"Brebbia,J",51,27,12,12.9,24.9,28.6,3,5,5,49,1,10.8,11.8,16.3,0,0,3,3,R(2) C(1),4- 0,0,4,1WL-C,E,10
SDN,"Brewer,C",10,8,25,31.6,56.7,35.8,0,0,8,14,18,38.8,56.8,51.3,0,0,1,6,R(1),3- 0,0,19,1WR-C,E,10
CIN,"Brice,A",37,2,1,27.8,28.8,64.8,6,8,5,33,2,14,16,33,4.8,7,4,1,R(2),4- 0,0,5,1WR-C,E,10
LAA,"Bridwell,P",7,0,0,51.2,51.2,128.9,25.9,8,6,0,11,55.3,66.3,126.1,22,8*,3,-1,S(4) R(3),3- 0,0,0,1WR-C,E,10
MMN,"Brigham,J",16,7,45,9.5,54.5,19,0,0*,4,18,7,26.1,33.1,65.1,9.3,8,3,9,S(4),3- 0,0,0,3WR-C,E,10
NYA,"Britton,Z*",41,14,17,5.2,22.1,14.1,3,5,12,20,19,5.7,24.6,6,0,0,12,2,R(1) C(3),4-36,0,20,1WL-C,E,10
OAA,"Brooks,A",3,0,27,0,27,0,0,0*,12,0,67,9.5,76.5,9.5,0,0*,1,-1,R(1),3- 0,0,0,1WR-C,E,10
ARN,"Buchholz,C",98,20,2,6.8,8.8,11.9,1.4,2,12,20,3,20.7,23.7,35.2,0.8,1,12,-4,S(6),4-30,0,1,1WL-B,E,10
OAA,"Buchter,R*",39,38,9,5.3,14.3,9.8,1.4,2,0,14,13,17.9,30.9,36.7,1.8,3,0,-1,R(1),2- 0,0,5,1WL-C,E,10
LAN,"Buehler,W",137,37,7,6.7,13.6,13,1.2,1,2,33,5,7.3,12.3,11.8,1,1,1,-1,S(6),3-11,0,6,2WR-C,E,12
SFN,"Bumgarner,M*",130,34,7,13.4,20.5,24.5,0,0,5,16,7,15.4,22.5,27.5,2,4,4,5,S(6),3- 0,2,4,2WR-C,E,12
CHA,"Bummer,A*",32,32,4,18.9,22.9,26.1,0,0,9,25,8,33.3,41.3,37.7,0,0,5,7,R(1),4- 0,10,20,1WL-C,E,10
BAA,"Bundy,D",172,15,8,26.2,34.2,48.4,3.6,6,4,44,5,9.6,14.6,32,6.3,8*,4,5,S(6),5- 8,2,7,1WS-D,E,10
PIN,"Burdi,N",1,0,46,22.3,68.3,51.7,9.8,8*,0,5,23,31.9,54.8,88.3,18.8,8,0,-1,R(1),3- 0,0,0,1WR-C,E,10
MLN,"Burnes,C",38,8,0,4.3,4.3,7.3,1,0,8,33,8,11.6,19.6,23.2,2.4,3,7,8,R(2) C(0),4-38,9,12,1WR-B,E,10
CHA,"Burr,R",10,4,33,21.5,54.5,51.5,7,8,5,9,9,29.4,38.3,69.8,9.6,8,10,4,R(2),3- 0,0,0,1WR-C,E,10
MNA,"Busenitz,A",25,13,28,18.6,46.6,35.7,5.7,8,0,20,10,34.3,44.3,70.1,7,8,0,7,R(2),4- 0,0,15,1WR-C,E,10
TEA,"Bush,M",23,3,31,13.4,44.3,26.6,0,0*,0,21,16,15.6,31.6,39.5,2.8,5*,0,-1,R(2),4-51,0,8,1WR-C,E,10
TEA,"Butler,E",50,0,4,16.5,20.5,34.8,4.6,7,3,7,12,24.5,36.5,40.8,4,6,4,-3,R(3) C(1),3- 0,0,20,1WR-B,E,10
LAA,"Buttrey,T",16,34,10,24.7,34.7,45.8,0,0,0,43,4,10.9,14.9,10.9,0,0,0,9,R(1) C(3),3- 0,19,0,1WL-C,E,10
OAA,"Cahill,T",110,28,9,16.3,25.3,24.4,0,0,8,22,14,8.2,22.2,13.9,0.6,1,7,8,S(5),3-13,0,17,1WR-B,E,10
ATN,"Carle,S",63,8,12,13.4,25.4,17.6,0,0,12,16,7,15.3,22.3,26.3,0,0,12,2,R(2) C(0),3-23,0,7,1WR-B,E,10
DEA,"Carpenter,R*",22,8,0,26.5,26.5,64,11,8,0,7,0,38.6,38.6,75,10.2,8,0,0,S(4) R(3),3-51,0,0,1WL-C,E,10
CLA,"Carrasco,C",192,39,3,16.8,19.8,27.3,1.6,2,4,43,2,14.7,16.7,25.8,1.6,2,6,4,S(6) R(3),3- 0,0,10,2WR-D,E,10
BAA,"Carroll,C",17,17,22,19.8,41.8,72.4,16.7,8*,5,14,26,15,41,27.8,4.3,7,5,7,R(1),4- 0,17,20,1WR-C,E,10
BAA,"Cashner,A",153,14,8,18.4,26.4,38.6,3.2,6,6,1,14,23.6,37.5,38.9,1.8,2,6,-2,S(6),2-10,0,8,1WR-D,E,15
OAA,"Casilla,S",31,24,18,1.3,19.3,2.5,0,0*,4,3,33,0,33,0,0,0*,4,9,R(2) C(0),3- 0,0,20,1WR-C,E,10
TBA,"Castillo,D",57,44,15,3.2,18.2,10.8,2.2,3*,1,37,4,5.1,9.1,11.7,0.8,1*,1,-3,S(1) R(1),3-26,8,20,1WR-C,E,10
SDN,"Castillo,J*",38,44,9,0,9,0,0,0*,0,50,6,7.3,13.3,16.4,1.8,3,0,3,R(2) C(0),4- 0,0,6,1WL-C,E,10
CIN,"Castillo,L",170,25,8,21.5,29.5,42.5,4,6,8,29,5,8.9,13.9,18.9,2,2,8,-2,S(5),2- 0,5,5,1WR-D,E,13
BAA,"Castro,M",86,5,19,10.1,29.2,21.5,2.2,3,11,13,15,9.7,24.7,12.9,0.4,0,11,4,R(2),4-33,11,20,1WR-C,E,10
SLN,"Cecil,B*",33,4,15,25.8,40.8,40.5,2.2,4,5,2,24,19.1,43.1,36.7,2.8,5,4,9,R(1),4-44,0,5,1WR-C,E,10
MLN,"Cedeno,X*",33,34,12,10.4,22.4,19.6,0,0,7,22,17,7.6,24.6,10,0,0,7,-2,R(1) C(0),3- 0,0,20,1WL-C,E,10
NYA,"Cessa,L",45,25,3,24.1,27.1,39,1.6,0,4,15,8,27,35,38.5,1.6,1,4,-3,S(4) R(3) C(1),3-33,0,20,1WR-C,E,10
MLN,"Chacin,J",193,12,13,16.5,29.5,30.1,2.2,1,4,28,8,5,13,11,1,0,4,0,S(6*),4-23,0,5,2WR-A,E,13
ARN,"Chafin,A*",49,29,18,15.7,33.7,23.1,0,0,4,32,15,12.9,28,23.1,0,0*,4,0,R(1),3- 0,0,13,1WR-C,E,10
NYA,"Chapman,A*",51,57,21,0,21,0,0,0*,0,55,23,0,23,0,0,0*,0,1,R(1) C(6),3- 0,0,20,1WL-C,E,10
LAN,"Chargois,J",32,39,4,18.9,22.9,59.1,12.8,8,2,40,14,8.5,22.5,14.8,0,0,4,6,R(1),4- 0,0,20,1WS-C,E,10
CHN,"Chatwood,T",104,11,26,23,49,34.5,1.4,3,9,19,44,0,44,0,0,0*,10,5,S(5) R(3),3-28,0,15,2WR-A,E,14
CHN,"Chavez,J",95,29,4,13.7,17.7,22.4,2.2,3,11,28,0,14,14,22.5,2.4,4,10,-1,R(3) C(3),4- 0,0,2,1WR-D,E,10
MMN,"Chen,W*",133,36,0,8.1,8.1,17.9,2.8,6,0,14,10,20.4,30.4,36.3,2.4,5,1,0,S(5),2- 0,3,6,2WR-B,E,10
TBA,"Chirinos,Y",90,20,5,16.5,21.5,25.2,1,2,11,22,6,21.3,27.3,28,0,0,11,-5,S(5) R(5),2- 0,0,12,1WR-C,E,10
CLA,"Cimber,A",68,33,0,32.3,32.3,69.2,1,2,5,16,0,19.8,19.8,26.5,0,0,12,4,R(1),3-21,0,2,1WR-C,E,10
LAN,"Cingrani,T*",23,57,3,9.4,12.4,17.2,2.3,2,0,54,3,15.5,18.5,29,0.6,0,0,-1,R(1),4- 0,20,9,1WL-C,E,10
CHN,"Cishek,S",70,34,25,5.6,30.5,13.4,0.8,1*,3,38,3,8.1,11.1,17.9,0.6,0*,3,-3,R(1) C(2),3-21,0,6,1WR-B,E,10
TEA,"Claudio,A*",68,6,0,18,18,25.3,0,0,12,6,0,41.2,41.2,58.3,0,0,12,-1,R(1) C(0),2- 0,5,0,1WL-C,E,10
CLA,"Clevinger,M",200,24,13,10.8,23.8,22.1,1.8,3,8,38,6,10.8,16.8,17.9,0.8,0,8,1,S(6*),3-15,0,4,1WR-C,E,10
TOA,"Clippard,T",69,39,0,11.2,11.2,25,1.4,1*,0,44,16,8.5,24.5,30.3,6.7,8*,0,6,R(1) C(2),4- 0,0,20,1WR-C,E,10
MMN,"Cloyd,T",18,9,14,40.2,54.2,99.4,18.6,8,0,7,11,28.4,39.3,56.2,0,0,2,-1,R(3),3- 0,0,10,1WR-C,E,10
BAA,"Cobb,A",152,16,5,20.1,25.1,31.3,1.6,3,10,5,2,23.2,25.2,46.1,3.2,5,11,-3,S(6),3- 0,3,5,1WR-B,E,10
NYA,"Cole,A",48,16,14,32.8,46.8,72,8.2,8,0,43,11,8.9,19.8,28.1,5.8,8,0,-3,S(4) R(3),4-30,0,8,7NR-D,E,10
HOA,"Cole,G",200,56,12,1.8,13.8,2.4,0.2,0,2,43,6,15.4,21.4,31,1.8,2,3,4,S(6*),3- 7,0,10,1WR-B,E,10
LAA,"Cole,T",36,41,9,4.3,13.4,10.6,1.6,2*,12,40,13,3,16,4.8,0,0*,12,-1,S(4) R(3),3- 0,0,6,1WR-C,E,10
DEA,"Coleman,L",51,20,14,10.4,24.4,18.3,0,0,12,18,15,12.8,27.8,22.6,2,3,12,-4,R(1),2- 0,0,0,1WR-C,E,10
WAN,"Collins,T*",23,32,17,11.1,28.1,32.1,7,8,4,7,18,21.5,39.5,34.8,3,5,9,0,R(1),3- 0,0,9,1WL-C,E,10
SEA,"Colome,A",68,60,3,7.2,10.2,9.6,0,0,2,10,8,18.6,26.6,26.9,1.8,3,10,-2,R(1) C(3),5- 0,6,20,1WR-C,E,10
TEA,"Colon,B",146,4,0,21.7,21.7,42.5,1.4,1,1,5,0,25.5,25.5,61.2,8.4,8,1,-6,S(5) R(3),3-39,0,2,1WR-D,E,10
MMN,"Conley,A*",51,20,16,3.8,19.8,10.3,1.4,2*,12,37,5,14.8,19.8,34.7,1.8,3*,12,-3,R(1) C(2),3- 0,0,14,1WL-B,E,10
NYN,"Conlon,P*",8,5,6,46.2,52.2,73.2,0,0,11,0,0,54.3,54.3,109,11,8,10,-1,S(4) R(3),3- 0,0,0,3WL-C,E,10
SEA,"Cook,R",17,48,0,18.4,18.4,29.8,2.6,5,0,43,16,9.1,25,30.8,7.3,8*,0,9,R(1),4- 0,0,20,1WR-C,E,10
NYN,"Copeland,S",1,36,0,36.5,36.5,36.5,0,0,0,78,0,0,0,0,0,0*,0,-1,R(1),3- 0,0,0,1WR-C,E,10
ARN,"Corbin,P*",200,42,10,17.2,27.2,31,1.4,2,1,42,2,13.1,15.1,20.5,0.4,0,5,1,S(6*),2- 0,0,9,3WL-D,E,14
LAN,"Corcino,D",4,0,14,16.4,30.4,16.4,0,0,0,0,46,0,46,0,0,0*,0,-1,R(2) C(0),3- 0,0,20,1WR-C,E,10
WAN,"Cordero,J",19,0,9,15.8,24.8,15.8,0,0,5,8,20,28.8,48.8,42.7,2.4,4*,5,9,R(1),4-51,0,0,1WR-C,E,10
BAA,"Cortes,N*",5,0,48,19.6,67.7,78.2,19.5,7*,2,1,0,67,67,122.1,11.5,8*,2,-1,R(1),3- 0,0,0,1WR-C,E,10
OAA,"Coulombe,D*",24,29,6,25.8,31.8,44.8,4.5,8,3,25,24,13,37,31.8,6.3,8,2,-1,R(1),3- 0,0,19,1WL-C,E,10
CHA,"Covey,D",122,19,15,16.1,31.1,25.6,2.2,4,5,7,6,21.5,27.5,23.6,0,0,5,1,S(5) R(3),5-47,0,8,1WR-D,E,10
PIN,"Crick,K",60,24,5,14.9,19.9,17.8,0,0,0,40,13,0.5,13.5,0.9,0,0*,0,9,R(1) C(1),4-48,11,20,1WL-C,E,10
CIN,"Crockett,K*",9,24,0,33.1,33.1,46.4,3,5,9,14,0,53.8,53.8,79.6,0,0,4,9,R(1),3- 0,0,20,1WL-C,E,10
TOA,"Cruz,R",3,20,33,11.8,44.8,23.5,0,0*,0,40,14,10.4,24.4,20.6,0,0*,0,-1,R(1),3- 0,0,20,1WR-C,E,10
SFN,"Cueto,J",53,12,0,15.7,15.7,30.7,5,8,11,17,9,15.4,24.5,26.3,1.8,4,11,-4,S(6),3- 0,0,8,1WR-C,E,13
BOA,"Cuevas,W",17,23,15,23,38,57.2,6.8,8,0,25,26,19.7,45.7,31.5,0.8,1,0,-1,S(4) R(3),2- 0,0,20,1WS-C,E,10
TOA,"Cumpton,B",2,33,10,33.9,43.9,67.7,0,0*,0,0,43,33.8,76.8,67.5,0,0*,0,-1,R(1),3- 0,0,0,1WR-C,E,10
TEA,"Curtis,Z*",16,21,55,0,55,0,0,0*,2,32,36,6.1,42.1,11.6,0,0*,0,-1,R(2),3- 0,0,20,1WL-C,E,10
MNA,"Curtiss,J",6,45,0,31.6,31.6,63.1,0,0*,0,22,21,27.9,48.8,55.7,0,0*,0,9,R(1),2- 0,0,20,1WR-C,E,10
CHA,"Danish,T",6,0,31,28.5,59.5,71.3,14.3,8,0,21,15,19.7,34.7,32.9,4.4,8,0,-1,R(1),3- 0,0,0,1WR-C,E,10
CHN,"Darvish,Y",40,32,13,16.8,29.8,34.3,4.1,8,0,39,22,8.7,30.7,21.7,2.6,3*,0,9,S(5),5-36,8,10,1WR-B,E,10
MLN,"Davies,Z",66,20,13,20.1,33.1,34.6,0.2,0,9,11,0,24.9,24.9,38.8,3.4,6,9,-3,S(5),2-22,0,2,1WR-A,E,14
PHN,"Davis,A*",35,31,11,16.5,27.5,43.2,2.6,4*,12,33,5,10.4,15.4,20.8,0,0*,12,9,R(2),5-51,9,20,1WL-C,E,10
CON,"Davis,W",65,44,10,6.4,16.5,13.6,0.2,0*,8,35,15,6.8,21.8,21.1,3.4,5*,6,8,R(1) C(6),4- 0,0,20,1WR-C,E,10
MNA,"De Jong,C",18,13,26,13.9,39.9,25.6,1.6,1,10,13,0,20.4,20.4,50.8,4.6,7,10,-1,S(4),4-51,0,20,1WL-C,E,10
CHN,"De La Rosa,J*",56,27,10,15,25,27.4,2.6,4,11,13,14,16.4,30.4,23.9,0.6,1,12,4,R(2) C(0),5-51,13,7,1WL-D,E,13
PHN,"De Los Santos,E",19,30,13,9.8,22.8,16.8,0,0,10,6,14,25.3,39.3,68.8,4.3,5*,12,-1,S(4) R(3),2- 0,0,11,1WR-C,E,10
HOA,"Deetz,D",3,33,0,28.5,28.5,60,6.5,8,0,6,19,25.1,44,59.8,8.8,8,0,-1,R(1),3- 0,0,0,1WR-C,E,10
NYN,"Degrom,J",217,41,0,13.1,13.1,16.9,0,0,5,51,4,3.4,7.4,5.3,0,0,2,0,S(7*),2- 7,0,1,2WL-D,E,14
ARN,"Delgado,R",11,0,4,24.7,28.7,44.2,6.5,8,7,0,12,9.9,21.9,31.1,6.5,8,7,9,R(2),3- 0,0,20,1WR-C,E,10
CIN,"Desclafani,A",115,24,5,21.1,26.2,47.3,5.8,8,4,24,3,17.5,20.5,27.9,3.2,3,7,-1,S(5),3-38,0,7,6NR-B,E,10
LAA,"Despaigne,O",39,16,13,33.8,46.8,42.8,1.2,1,4,19,12,28.8,40.8,43.3,0.6,1,3,-1,S(4) R(3),3- 0,0,0,1WR-D,E,10
SEA,"Detwiler,R*",6,0,33,32.7,65.7,51.9,6.4,8*,2,0,3,50.4,53.4,60,3.2,5,10,-1,R(4),3- 0,0,0,1WR-C,E,10
HOA,"Devenski,C",47,35,1,11.9,12.9,33.6,7.3,8,5,31,10,19.9,29.9,27.9,1,1,6,9,R(1) C(1),3-31,7,4,1WR-C,E,10
SEA,"Diaz,E",73,67,11,0,11,0,0,0*,0,65,0,3.1,3.1,8.7,1.2,2,0,3,R(1) C(6),2- 0,5,10,1WR-C,E,10
SDN,"Diaz,M",19,55,14,6.6,20.5,16.7,1.8,2*,0,36,21,18.7,39.7,39.7,1.2,1*,0,6,R(2),3- 0,0,11,1WR-C,E,10
ARN,"Diekman,J*",53,22,22,20.4,42.4,29.3,1.8,2,5,43,16,10.8,26.8,19.3,0,0*,8,0,R(1) C(1),4-51,0,11,1WL-C,E,10
PHN,"Dominguez,S",58,34,13,8.3,21.3,20.1,1.8,1*,5,60,8,0,8,0,0,0*,5,-2,R(2) C(4),3-24,0,20,1WR-C,E,10
WAN,"Doolittle,S*",45,78,0,0,0,0,0,0*,0,50,0,3.7,3.7,7.5,1.2,1*,0,0,R(1) C(6),3- 0,0,5,1WL-C,E,10
MNA,"Drake,O",48,16,6,31,37,45.2,0,0,5,38,10,16,26,29.5,1.6,2,5,-1,R(1),3- 0,0,20,1WR-C,E,10
CHN,"Duensing,B*",38,10,16,14.6,30.5,26.5,3.6,6,10,0,32,23.8,55.8,36.9,1.6,3,8,2,R(1) C(0),2- 0,0,0,1WL-C,E,10
MNA,"Duffey,T",25,13,0,27.3,27.3,61.6,2.6,3*,5,18,0,13.6,13.6,47.5,10.2,8*,5,-1,R(2),4-51,0,18,1WR-C,E,10
KCA,"Duffy,D*",155,23,2,23.5,25.5,30.6,0.8,1,0,20,15,15.8,30.8,28.1,3,6,0,0,S(6),2- 0,0,19,1WL-C,E,10
SEA,"Duke,Z*",52,27,7,14.3,21.3,22.9,0,0,3,20,8,29.1,37.1,34.4,0,0,3,-4,R(1),4-51,0,11,1WL-C,E,10
OAA,"Dull,R",25,27,0,12.5,12.5,29.3,1.8,3,12,18,15,15.1,30.1,21.1,2,3,12,-1,R(1),3-51,0,20,1WR-C,E,10
CON,"Dunn,M*",17,14,32,24.8,56.8,37.3,0,0,0,1,43,32.3,75.3,44.6,0,0*,1,-1,R(1),2- 0,0,11,1WL-C,E,10
SFN,"Dyson,S",70,13,6,16.4,22.4,33.4,2.2,5,12,24,7,12.6,19.6,21.6,0,0,12,9,R(1) C(2),4- 0,0,6,1WR-C,E,10
CHN,"Edwards Jr,C",52,34,18,11.6,29.5,22.1,0,0,0,46,24,1.7,25.7,2.2,0,0*,0,9,R(1),5-28,0,17,1WR-C,E,13
CLA,"Edwards,J",9,30,18,11.1,29.1,22.2,0,0*,0,37,13,13.9,26.9,55.3,13.8,8*,0,-1,R(1),3- 0,0,0,1WR-C,E,10
PHN,"Eflin,Z",128,28,6,19.3,25.3,38.1,2.8,3,1,23,4,13.4,17.4,24.9,1.4,1,1,1,S(5),3-23,0,6,6NR-A,E,12
PHN,"Eickhoff,J",5,15,0,50.6,50.6,91.6,5.3,6,0,47,0,30.3,30.3,60.3,0,0*,0,-1,S(4) R(3),3- 0,0,0,1WR-D,E,10
SEA,"Elias,R*",51,18,6,25,31,37.4,0,0,7,6,7,13.6,20.6,23.9,0,0,7,9,S(4) R(3),3- 0,0,13,3WL-C,E,10
BOA,"Eovaldi,N",111,22,4,18.3,22.3,31.9,1.8,4,11,27,0,16.1,16.1,25.7,1.8,3,10,-1,S(5),3- 0,0,8,1WR-D,E,12
SDN,"Erlin,R*",109,27,0,21.4,21.4,36.3,2.6,4,11,15,0,21.5,21.5,32.3,1.4,2,11,-2,S(5) R(4),3-13,4,3,3WR-A,E,10
TOA,"Estrada,M",144,14,6,16.8,22.8,40.2,3.4,5*,0,10,11,19.2,30.2,44.5,4.3,7,0,0,S(5),2- 0,0,4,1WR-C,E,10
OAA,"Familia,J",72,26,12,16.9,28.9,27.5,0,0,0,44,10,6,16,6,0,0,0,-1,R(1) C(4),3- 0,0,6,1WR-D,E,10
TBA,"Faria,J",65,19,33,12.1,45.2,21.9,0,0,6,12,4,15.4,19.4,33,3.4,7,7,-1,S(4) R(3),3-22,0,6,1WR-C,E,10
DEA,"Farmer,B",69,12,26,5.1,31.1,10.1,0,0*,12,20,16,23.8,39.8,39.9,1.2,1,11,1,R(1),3-21,0,5,1WL-C,E,10
CHA,"Farquhar,D",8,60,0,8.1,8.1,32.1,8,8*,1,39,0,17,17,66.7,16.4,8*,12,-1,R(1),3- 0,0,20,1WR-C,E,10
CHN,"Farrell,L",31,26,25,11.4,36.3,30.3,4.5,8,0,43,4,14.6,18.6,35.8,4.8,7,0,0,S(4) R(3),4- 0,0,6,1WL-B,E,10
WAN,"Fedde,E",50,18,14,26.8,40.8,45,2.2,3,10,23,11,21.1,32.1,39.6,3.4,5,12,9,S(5),3- 0,6,0,1WR-D,E,10
PIN,"Feliz,M",48,28,14,15.4,29.5,22.7,1,0,0,33,15,15.6,30.6,37.9,2.8,5,0,-2,R(1),4-51,8,13,1WR-D,E,10
LAN,"Ferguson,C*",49,28,9,8.6,17.6,27,4.8,7,4,46,0,14.9,14.9,23.5,2.2,3,3,-1,S(4) R(3) C(1),4- 0,0,4,1WR-C,E,12
TOA,"Fernandez,J*",10,3,14,13.8,27.8,33.5,3,5*,0,2,3,12.9,15.9,30.9,6,8,0,-1,R(1),3- 0,0,0,1WL-C,E,10
SEA,"Festa,M",8,0,0,42.9,42.9,81.9,0,0,0,0,9,37.6,46.6,41,0,0,0,9,S(1) R(1),3- 0,0,20,1WR-C,E,10
LAN,"Fields,J",41,19,1,4.8,5.8,8.7,0.4,0,8,18,8,8.6,16.6,20.1,2.4,3,10,-3,R(1) C(1),4- 0,0,0,1WR-C,E,10
OAA,"Fiers,M",172,20,6,12.1,18.1,25.9,3,5,4,17,0,20,20,39.8,4.4,7,4,2,S(6),3- 0,0,4,1WR-C,E,12
KCA,"Fillmyer,H",82,11,17,10.5,27.5,13.3,0,0,12,13,6,22.8,28.8,39.3,5.5,8,12,0,S(5) R(3),4- 0,5,8,3WR-B,E,10
CIN,"Finnegan,B*",21,0,2,36.5,38.5,75.6,13,8,4,8,25,21.6,46.6,38,2.6,4,6,9,S(4),3- 0,0,9,1WL-C,E,10
TEA,"Fister,D",66,6,9,13.3,22.3,27.1,1.8,3,9,4,3,24.4,27.4,37.3,3.2,6,9,-3,S(5),4-43,0,2,1WL-D,E,13
SLN,"Flaherty,J",151,35,17,3.1,20.1,7.2,1,1,9,46,6,7,13,21,4,7,5,-1,S(5),2-19,0,9,2WR-B,E,13
NYN,"Flexen,C",6,0,29,47.5,76.5,81.8,0,0*,1,0,16,44,60,90.3,9.1,7,0,-1,S(4) R(3),3- 0,0,0,1WR-C,E,10
LAN,"Floro,D",64,29,0,28.3,28.3,39.5,0,0,6,19,10,9.3,19.3,13.1,0,0,6,6,R(2),3- 0,10,3,1WL-C,E,10
KCA,"Flynn,B*",76,20,21,21.5,42.5,25.4,0,0,9,0,8,26.5,34.5,36.8,0,0,12,-2,R(2) C(0),4- 0,0,14,1WL-C,E,10
ATN,"Foltynewicz,M",183,37,13,5.8,18.9,13,1.6,3,2,33,7,11.4,18.4,19.4,0.4,0,4,-6,S(6),3- 8,5,8,1WR-A,E,13
TBA,"Font,W",44,11,0,21.5,21.5,51,8.5,8,0,20,16,13.3,29.3,36.3,5.5,8,0,2,S(4) R(3),4-33,0,4,1WR-C,E,10
CHA,"Frare,C*",7,57,10,5.1,15.1,5.1,0,0,0,25,27,14.3,41.3,14.3,0,0,0,-1,R(1),3- 0,0,20,1WL-C,E,10
CON,"Freeland,K*",202,36,10,5.7,15.7,6.9,0,0,11,16,8,16.7,24.7,23.1,0.8,1,11,0,S(6*),4- 0,0,1,1WL-C,E,13
ATN,"Freeman,S*",50,29,26,14.4,40.5,20.5,0,0,3,38,19,13.3,32.3,13.7,0,0,2,2,R(1),2- 0,0,17,1WR-C,E,10
ATN,"Fried,M*",34,27,21,10.7,31.7,31.4,6.2,8,3,34,23,11.8,34.8,15,0,0,3,-2,S(4) R(3),4- 0,0,13,1WL-C,E,13
CHA,"Fry,J*",51,53,11,2.5,13.5,7,0,0*,0,41,13,6.5,19.5,13.1,2.2,4,0,-2,R(1) C(3),3- 0,0,20,1WL-C,E,10
BAA,"Fry,P*",38,30,17,14.2,31.2,14.2,0,0,11,21,9,11.3,20.4,15.1,0,0,10,-1,R(2) C(1),3- 0,0,18,1WL-C,E,10
CHA,"Fulmer,C",32,17,24,19.4,43.3,34.7,3,4,0,16,25,13.1,38.2,40.5,6.5,8*,0,-1,S(4) R(3),4- 0,10,11,1WR-C,E,10
DEA,"Fulmer,M",132,18,9,13.6,22.6,33.8,4,7*,9,21,9,21,30,28.5,0,0,9,-4,S(6),2- 0,0,1,1WR-C,E,10
NYN,"Gagnon,D",12,20,9,33.9,42.9,45.3,3.8,7,2,3,14,23.9,37.8,30.5,2.2,4,14,-1,S(4) R(3),4- 0,0,20,1WR-C,E,10
TEA,"Gallardo,Y",94,8,15,14.2,29.2,29.2,2,2,12,4,14,25.8,39.8,47,2.2,4,12,-1,S(5) R(3),3- 0,0,13,1WR-B,E,10
SLN,"Gallegos,G",11,17,10,32,42,48.4,3.8,5,8,51,0,10.3,10.3,23.3,3,5,3,6,R(3) C(0),3- 0,0,0,1WR-C,E,10
SLN,"Gant,J",114,18,19,7.1,26.1,14.8,1.2,1*,3,18,12,12,24,18.5,0,0,3,1,S(6) R(4),3- 0,0,9,6NR-C,E,12
CHN,"Garcia,J*",82,21,7,4.8,11.8,16.2,3.8,6*,8,18,19,17.7,36.7,38.3,2.4,4,7,7,S(5) R(3),4-51,4,18,1WL-C,E,12
MMN,"Garcia,J*",66,7,10,15.3,25.3,39.8,7.8,8,13,5,11,11.9,22.9,35.6,6.5,8,12,5,S(5) R(3),3-44,10,0,1WL-B,E,10
PHN,"Garcia,L",46,25,6,21.8,27.8,36.7,0,0,8,34,13,17,30.1,32,1.8,1,7,6,R(1) C(0),4-31,0,20,1WR-C,E,10
LAN,"Garcia,Y",22,24,0,24.1,24.1,42.8,4.2,6,0,10,0,31.3,31.3,83.3,11.8,8,0,-1,R(1),3- 0,0,0,1WR-C,E,10
TEA,"Gardewine,N",5,43,0,28.2,28.2,52.2,0,0,0,6,0,36.7,36.7,73.9,0,0,0,-1,R(2),4- 0,0,0,1WR-C,E,10
CIN,"Garrett,A*",63,46,10,10.3,20.3,28,3.4,5,0,23,10,17.4,27.4,30.1,0.8,1,7,-3,R(2),3- 0,0,10,1WR-D,E,10
ATN,"Gausman,K",184,18,7,15.3,22.3,28,2.4,3,8,17,2,23.2,25.2,37.6,2.2,4,8,0,S(6),4- 8,0,7,1WL-D,E,10
TOA,"Gaviglio,S",124,9,7,19.9,26.8,36.3,2.8,4,0,26,5,20,25,35.3,3,5,0,9,S(5) R(3),4-23,5,10,4WR-D,E,10
OAA,"Gearrin,C",57,13,14,18.9,32.9,31.9,2,3,8,30,6,15.3,21.3,23.6,1.4,3,9,9,R(1) C(0),4- 0,0,15,1WR-C,E,10
NYA,"German,D",86,23,9,17.9,26.9,42.5,3.6,4,0,45,12,11.6,23.6,26.2,2.8,3,0,3,S(4) R(3),4- 0,4,18,1WR-C,E,10
MNA,"Gibson,K",197,18,11,19.1,30.1,23.3,0.8,0,11,28,14,7.4,21.4,16.8,1.8,3,9,-5,S(6*),2- 0,0,9,3WR-C,E,10
TOA,"Giles,K",50,24,0,15.4,15.4,27.6,2,2,4,35,0,27.1,27.1,43.7,1.4,2,4,2,R(1) C(6),3-28,0,8,1WR-C,E,10
BAA,"Gilmartin,S*",27,17,6,3.2,9.2,4.4,0,0*,12,0,16,15.7,31.7,41.8,5.2,8*,12,2,R(3),3- 0,0,0,1WL-C,E,10
CHA,"Giolito,L",173,9,17,17.1,34.1,31.6,2.2,3,6,15,16,9.8,25.8,25.5,2.8,5*,6,9,S(6),3- 8,0,16,1WR-C,E,10
BAA,"Givens,M",77,26,12,13.4,25.5,23.2,0,0,1,35,8,5.7,13.7,10.4,0,0,0,1,R(2) C(2),4-19,0,12,1WR-C,E,10
TBA,"Glasnow,T",112,35,16,7,23.1,15.1,1.2,2,2,41,13,7.4,20.5,20.5,3.4,6,4,9,S(5) R(3),4-13,6,20,1WL-D,E,13
WAN,"Glover,K",16,1,31,2,33,2,0,0*,1,3,13,15.3,28.3,15.5,0,0,2,-1,R(1) C(0),3- 0,0,0,1WR-C,E,10
ARN,"Godley,Z",178,24,12,20,32,25.5,0,0,4,30,15,18.3,33.3,28.6,1.6,2,4,0,S(6),4-24,2,20,1WR-B,E,10
LAN,"Goeddel,E",37,37,11,0.7,11.7,1.3,0.2,0*,3,37,19,9.1,28.1,16.3,2.4,4,0,9,R(2),4- 0,0,18,1WR-C,E,10
ATN,"Gohara,L*",20,3,12,25.6,37.6,58.3,0,0*,0,31,13,10.2,23.2,28.4,4.9,8*,0,-1,S(4) R(3) C(0),4- 0,0,0,1WL-D,E,10
SLN,"Gomber,A*",75,15,3,27.3,30.3,41.3,0,0,8,23,13,18.8,31.8,33,1.6,3,9,-3,S(5) R(3),2- 0,5,8,3WL-C,E,10
CHA,"Gomez,J",25,10,17,31.6,48.6,46.7,1.4,1,0,42,5,19.6,24.6,33.5,2,2,0,2,R(1),5-51,0,0,1WR-C,E,10
SFN,"Gomez,R",9,5,0,66.9,66.9,91.4,0,0,0,14,0,48.8,48.8,51.8,0,0,0,-1,R(2),4- 0,0,0,1WR-C,E,10
MNA,"Gonsalves,S*",25,0,27,21.4,48.4,54.5,3.6,5,1,7,31,16.4,47.4,17.6,0,0,1,-1,S(4) R(3),2- 0,0,15,1WL-C,E,10
SEA,"Gonzales,M*",167,4,0,23.6,23.6,32.7,2.6,4,12,26,2,22.6,24.6,35.1,1.2,1,12,-6,S(6),3- 8,0,2,1WL-B,E,10
MLN,"Gonzalez,G*",171,26,4,14.4,18.4,26.5,0.6,0,4,17,16,18.5,34.5,28.4,1.2,2,4,-1,S(5),2- 8,0,6,1WR-C,E,12
CHA,"Gonzalez,M",12,0,15,30.2,45.2,93.5,9.3,8,0,0,9,49.2,58.2,88.6,4.1,7,0,-1,S(4),4- 0,0,14,1WR-D,E,10
MMN,"Gonzalez,M",22,8,5,44.5,49.5,53.3,1.2,2,6,20,7,23.8,30.8,45.9,5.2,8,6,2,S(4) R(3),4- 0,0,0,2WR-C,E,10
CLA,"Goody,N",12,8,1,21.3,22.3,51,4.3,6*,0,29,10,27.6,37.6,83.5,11.4,8*,0,-1,R(1),3- 0,0,16,1WR-C,E,10
OAA,"Gossett,D",24,3,4,19.6,23.6,62.8,13.8,8,12,1,11,19.4,30.4,35.5,1.8,3,12,2,S(4),3- 0,0,9,1WR-C,E,10
WAN,"Gott,T",19,10,23,18,41,54,10.3,8*,8,18,13,19.7,32.7,34.5,2.8,4,8,9,R(2),3- 0,0,20,1WR-C,E,10
WAN,"Grace,M*",60,17,1,25.8,26.8,32.3,0,0,3,18,1,16.5,17.5,27.1,2.6,3,3,-2,R(2),5-24,0,3,3WL-D,E,10
OAA,"Graveman,K",34,11,17,26,43,41.3,2.8,5,7,15,0,26.1,26.1,58.3,10.5,8,4,-1,S(5),4-51,0,12,1WR-C,E,10
MMN,"Graves,B",33,14,0,40.1,40.1,52.7,0.2,0,11,1,12,22.3,34.3,37.7,1.4,3,11,3,R(2) C(0),3- 0,0,6,1WR-D,E,10
CON,"Gray,J",172,33,7,19.7,26.7,40.7,3.8,5,4,25,5,21.6,26.6,32,1.6,2,4,1,S(6),2- 8,4,7,1WR-A,E,13
NYA,"Gray,S",130,22,14,19.3,33.3,28.3,1.4,0,0,23,12,23.9,35.9,39.5,1.8,1,0,-2,S(5) R(3),2-11,3,14,1WR-D,E,10
NYA,"Green,C",76,53,0,17.8,17.8,30.3,2,1,0,34,4,12.9,16.9,20.3,1.8,3,0,6,R(2),3- 0,0,9,1WL-C,E,10
DEA,"Greene,S",63,27,8,14.3,22.3,25.4,3,5,3,24,3,24.4,27.4,45.8,4,6,4,-3,R(1) C(5),3-23,0,10,1WR-C,E,10
SLN,"Gregerson,L",13,4,24,9.6,33.6,22.4,3,5*,12,33,6,27.3,33.3,56.1,2.2,4,2,-1,R(1),4-51,20,20,1WL-C,E,10
ARN,"Greinke,Z",208,22,2,16.6,18.6,24.7,1.4,1,1,31,2,15.3,17.3,30.7,3.2,6,0,-3,S(6*),1- 0,0,4,4WR-D,B,15
SEA,"Grimm,J",17,10,7,31.3,38.3,61.3,10,8,4,4,39,14.1,53.2,27.5,0.4,1,5,9,R(1),2-51,0,11,1WR-C,E,10
NYN,"Gsellman,R",80,25,10,12.2,22.2,29.2,3,5*,5,18,2,23.4,25.4,26.2,0,0,5,0,R(2) C(3),3- 0,0,2,1WR-C,E,13
HOA,"Guduan,R*",3,41,0,0,0,0,0,0*,0,50,0,18.5,18.5,73.7,18.4,8*,0,-1,R(1),5- 0,0,0,1WL-C,E,10
MLN,"Guerra,J",141,24,13,18.9,31.9,34.2,3,3,4,25,9,21.3,30.3,34.1,1.2,2,4,2,S(5) R(3),3-10,0,17,1WR-B,E,12
MMN,"Guerra,J",36,17,7,20.5,27.5,40,3,6,5,17,3,31.5,34.5,50.4,0,0,5,-2,R(1) C(0),4-40,0,17,1WR-C,E,10
MMN,"Guerrero,T",58,18,21,22.6,43.6,43.5,3.6,6,0,37,10,17.8,27.8,20.6,0.6,2,0,2,R(1),3- 0,0,20,1WR-C,E,10
TOA,"Guerrieri,T",10,30,4,6.8,10.8,27,6.8,8*,11,10,18,16.7,34.7,16.7,0,0,12,4,R(1),4- 0,0,20,1WR-C,E,10
TOA,"Guilmet,P",10,19,0,50.8,50.8,133.6,16,8*,0,6,13,38,51,117.8,21,8*,0,-1,R(1),3- 0,0,18,1WR-C,E,10
MLN,"Hader,J*",81,63,15,0,15,0,0,0*,0,47,11,5.5,16.5,16.2,3,5,0,-1,R(2) C(4),4- 0,5,0,3WL-D,E,10
NYA,"Hale,D",14,0,19,25.8,44.8,57.9,5.8,8,6,0,0,0,0,0,0,0*,6,-1,R(3),3- 0,0,0,1WR-C,E,10
BOA,"Haley,J",8,0,9,34.4,43.4,90.4,13.8,8,0,0,11,25.7,36.7,39.6,3.2,6,0,-1,R(2),4- 0,0,0,1WR-C,E,10
DEA,"Hall,M*",8,0,2,68,70,136.6,16.8,8*,0,0,7,51.8,58.8,76,0,0,0,-1,R(2),3- 0,0,20,1WL-C,E,10
CHN,"Hamels,C*",191,25,18,15.9,33.9,23.5,1.8,0,12,28,7,13.8,20.8,28.9,3.2,5,9,6,S(6),4- 8,5,8,1NL-B,E,12
CHA,"Hamilton,I",8,0,26,10.5,36.5,42,10.5,8*,7,19,0,4.8,4.8,18.3,4.5,7*,7,-1,R(1),2- 0,0,0,1WR-C,E,10
KCA,"Hammel,J",127,13,7,18,25,30.1,1.4,2,0,8,3,41.3,44.3,66.1,3,5,0,3,S(6) R(3),3- 0,0,4,1WR-C,E,12
CHN,"Hancock,J",12,26,29,0.7,29.7,1.3,0,0*,9,21,33,2.8,35.8,11.2,2.8,4*,9,-1,R(2),3- 0,0,0,1WR-C,E,10
CLA,"Hand,B*",72,63,8,5,13,13.6,1.8,2*,0,48,12,11.3,23.3,27.1,2,3*,2,-5,R(1) C(5),2-20,0,6,1WL-D,E,12
NYN,"Hanhold,E",2,11,3,52.6,55.6,71.4,0,0,0,12,16,25.9,41.8,32.3,0,0,0,-1,R(1),3- 0,0,0,1WR-C,E,10
NYA,"Happ,J*",178,30,5,3.5,8.6,7.7,0.8,0,8,34,6,11.6,17.5,26,3.6,5,7,-1,S(6),4- 8,2,4,3WL-C,E,10
DEA,"Hardy,B*",86,8,4,14.3,18.3,27.6,2.8,5,6,20,4,16.3,20.3,29.7,1.8,2,8,-1,S(5) R(3) C(0),4-17,0,5,1WL-C,E,10
HOA,"Harris,W",57,34,9,22.9,31.9,25.3,0,0,4,40,0,8.5,8.5,12.5,0,0,5,4,R(1),4- 0,0,20,1WR-C,E,10
BAA,"Hart,D*",19,6,20,27.6,47.6,45.9,3.4,5,0,0,14,40.8,54.8,45.1,0,0,0,5,R(1),3-51,0,0,1WL-C,E,10
CIN,"Harvey,M",155,21,2,18.1,20.1,37,4.1,6,0,15,5,23.3,28.3,37,2.2,3,3,0,S(5) R(3),4-10,2,2,1WR-D,E,12
OAA,"Hatcher,C",36,22,6,34.1,40.1,62.3,9,8,2,10,17,14.3,31.3,18.1,0.6,1,6,-1,R(1),3- 0,0,0,1WR-C,E,10
TOA,"Hauschild,M",8,10,40,5,45,10,0,0*,12,8,3,16.9,20,27.4,0,0,12,6,S(4) R(4),3- 0,0,0,1WR-C,E,10
LAA,"Heaney,A*",180,33,0,18.9,18.9,26.6,0,0,10,27,6,17.3,23.3,32.8,3.8,6,10,-4,S(6),3- 8,0,11,1WL-D,E,10
WAN,"Hellickson,J",91,15,4,11.2,15.2,24.2,2.2,3,12,13,1,24,25,38.5,1.8,3,12,-4,S(5),2-16,5,4,1WR-B,E,13
BOA,"Hembree,H",60,37,18,7.3,25.3,8.9,0,0,0,39,10,12.9,22.9,38.4,5.8,8,0,0,R(1),4- 0,6,14,1WR-C,E,10
CHN,"Hendricks,K",199,28,1,15.8,16.8,26.9,1.6,3,13,11,3,22,25,32.8,2,2,11,0,S(6*),3- 7,0,0,1WR-A,E,14
OAA,"Hendriks,L",24,15,20,8.3,28.3,19.7,3.8,7,2,27,7,27.8,34.8,38.3,0.2,0,4,9,S(1) R(1),4- 0,0,9,1WR-C,E,10
CIN,"Hernandez,D",64,39,7,8.3,15.3,22.5,1.4,1*,10,26,4,10.7,14.7,23.9,1.2,1*,10,-3,R(2),3- 0,13,11,1WR-C,E,10
MMN,"Hernandez,E",66,6,14,20.9,34.9,39.2,3.6,6,4,16,6,19.1,25.1,32.1,3,6,3,-4,S(4) R(3),3- 0,6,2,1WR-D,E,10
SEA,"Hernandez,F",156,18,11,16.5,27.5,41.1,4,6*,10,15,10,20.4,30.4,30.5,2.4,3,9,3,S(5),4-19,0,15,1WR-D,E,10
WAN,"Herrera,K",44,31,4,13.9,17.9,27.7,3,5,10,12,3,21.7,24.7,26.5,1.6,3,8,0,R(1) C(5),3- 0,9,0,1WR-C,E,10
BAA,"Hess,D",103,8,7,12.4,19.5,36.7,7.3,8,3,17,9,17.5,26.5,34,1.8,3,1,0,S(5) R(3),5-42,4,5,1WR-D,E,10
SLN,"Hicks,J",78,11,17,13,30,14.2,0,0,9,32,22,1.4,23.4,1.4,0,0*,9,1,R(1) C(2),3- 0,0,20,1WR-C,E,10
MNA,"Hildenberger,T",73,24,3,17.5,20.5,39.3,3.2,4,3,24,4,21.3,25.3,42.9,3,4,3,9,R(1) C(2),2- 0,0,5,1WR-C,E,10
LAN,"Hill,R*",133,20,9,9.3,18.3,24.8,4,5*,0,42,6,10.8,16.8,24.1,2.2,4,0,1,S(6),2- 0,3,3,1WL-D,E,13
KCA,"Hill,T*",46,27,8,14.8,22.9,16,0.4,0,3,18,6,21.8,27.8,36.5,1.6,3,3,3,R(1) C(1),2- 0,0,0,1WR-C,E,10
ARN,"Hirano,Y",66,22,9,11.4,20.5,17.8,0,0,12,27,6,9.9,15.9,18.5,2.2,4,11,-1,R(1) C(2),1- 0,6,20,1WR-C,E,10
CON,"Hoffman,J",9,0,19,59,78,82.6,0,0*,0,0,23,33.2,56.2,33.2,0,0,15,-1,S(4) R(3),3-51,0,20,1WR-C,E,10
NYA,"Holder,J",66,26,2,13.4,15.4,18.4,0,0,0,24,6,12.1,18,19.3,0,0,0,1,R(2),3- 0,0,3,1WR-C,E,10
SFN,"Holland,D*",171,10,11,3.9,14.9,4.1,0,0,7,33,9,18.1,27.1,37.5,2.6,5,7,-3,S(5) R(3),3-17,2,2,1WS-C,E,10
WAN,"Holland,G",46,25,34,4.8,38.8,11,0,0*,2,22,12,21.4,33.4,29,0,0,2,-3,R(1) C(2),3- 0,0,0,1WR-C,E,10
PIN,"Holmes,C",26,10,30,13.7,43.7,23.6,0,0,8,12,29,20.5,49.5,26.5,2,4,5,9,S(4) R(3),3- 0,0,20,1WR-D,E,10
MLN,"Hoover,J",1,0,22,36.3,58.3,84.3,16,8,0,0,22,37.6,59.6,93.1,18.5,8,0,-1,R(1),3- 0,0,0,1WR-C,E,10
MLN,"Houser,A",14,17,30,4.5,34.5,7.3,0,0*,12,0,7,31.5,38.5,60.8,0,0,10,-1,R(2),3- 0,0,16,1WR-C,E,10
CON,"Howard,S*",4,0,0,0,0,0,0,0*,12,0,32,35.9,67.9,57.7,0,0,3,-1,R(1),3- 0,0,0,1WR-C,E,10
HOA,"Hoyt,J",0,0,36,35.9,71.9,35.9,0,0*,0,0,36,35.9,71.9,35.9,0,0*,0,-1,R(1),5- 0,0,0,1WR-C,E,10
TBA,"Hu,C",13,23,0,14.2,14.2,50.5,12,8,0,32,8,0,8,0,0,0*,0,-1,R(3),4- 0,0,0,1WR-C,E,10
LAN,"Hudson,D",46,23,8,6.4,14.4,6.4,0,0,3,23,12,11.3,23.3,23.2,3.2,6,2,9,R(2),4- 0,0,14,1WR-C,E,10
SLN,"Hudson,D",27,11,36,6.5,42.5,10.1,0,0,11,10,16,2.4,18.4,4.6,0,0*,12,-1,R(2),3-51,0,16,1WR-C,E,10
CIN,"Hughes,J",79,0,5,9.1,14.1,9.7,0,0,12,38,9,11.7,20.7,13.8,0,0,10,5,R(2) C(2),4- 0,0,16,1WR-C,E,10
SDN,"Hughes,P",33,21,13,28.9,41.9,59.9,8.8,8,0,19,0,28,28,59.8,8.8,8,0,-1,S(4) R(3),4- 0,0,0,1WR-C,E,10
PHN,"Hunter,T",64,22,7,14.2,21.2,29.4,0.6,0*,10,12,0,18.5,18.5,32,1,0,10,6,R(1) C(2),4-46,0,3,1WR-C,E,10
TEA,"Hutchison,D",43,14,17,22.6,39.7,33.2,1,1,8,9,24,17.5,41.5,41.3,6.8,8,9,9,S(4) R(3),5-34,0,20,1WL-C,E,10
CIN,"Iglesias,R",72,28,4,7.2,11.2,20,3.2,4,3,44,14,4.8,18.8,16.6,3.6,4*,2,-4,R(1) C(6),3-20,0,6,1WR-C,E,10
CHA,"Infante,G",9,6,36,23.9,59.8,46.8,0,0,1,8,23,35.1,58.1,50.6,0,0,5,-1,R(1),4- 0,0,20,1WR-C,E,10
OAA,"Jackson,E",92,14,15,8,23,20,2.4,5,4,16,8,11.9,19.9,25,1.6,3,4,-5,S(5),2-31,5,12,1WR-D,E,14
ATN,"Jackson,L",41,34,25,9.1,34.2,17.1,0,0,0,30,6,27.2,33.2,42.7,1.6,3,0,4,R(2) C(0),3-36,8,20,1WR-B,E,10
HOA,"James,J",23,41,14,6.4,20.4,18.6,3,6*,8,51,2,5.6,7.6,12.7,0.8,1*,12,1,S(5) R(3),3- 0,0,0,1WR-C,E,10
LAN,"Jansen,K",72,28,0,6.7,6.7,17.1,2.2,2,0,43,6,7.4,13.4,26.1,6,8,0,9,R(1) C(6),3- 0,9,0,1WS-D,E,10
MLN,"Jeffress,J",77,34,5,6.3,11.4,6.3,0,0,11,43,11,5.3,16.3,15.3,2,2,8,2,R(1) C(4),3- 0,0,12,1WR-D,E,10
MLN,"Jennings,D*",64,13,2,19.6,21.6,23.9,1,0,12,11,15,28.2,43.2,49.3,2,2,12,-5,R(2) C(0),3- 0,7,6,4WL-C,E,10
TEA,"Jepsen,K",17,0,34,0,34,0,0,0*,12,0,18,13.1,31.1,43.5,7,8*,12,-1,R(1),3- 0,0,0,1WR-C,E,10
LAA,"Jerez,W*",15,20,24,20.5,44.4,48.7,8.3,8,0,21,10,19,29,26.3,1,1,0,-1,R(1),3- 0,0,20,1WL-C,E,10
LAA,"Jewell,J",2,0,44,14.7,58.7,29.3,0,0*,0,0,0,20.9,20.9,41.6,0,0*,0,-1,R(1),3- 0,0,20,1WR-C,E,10
DEA,"Jimenez,J",63,49,15,7.8,22.8,19.2,2,3*,0,34,1,14.8,15.8,24.3,0,0,0,0,R(1) C(2),4-23,0,10,1WR-C,E,10
BOA,"Johnson,B*",99,25,11,11.1,22,25.6,2,4,3,16,10,20.3,30.3,34.3,3,5,2,0,S(5) R(3),3- 0,0,1,2WL-D,E,10
CON,"Johnson,D",6,39,6,26,32,26,0,0,0,51,8,9.4,17.5,9.4,0,0,0,-1,R(2),3- 0,0,0,1WL-C,E,10
LAA,"Johnson,J",63,8,2,28,30,49.5,4.5,6,10,17,14,16.8,30.8,18.5,0.6,0,10,1,R(1) C(1),3-23,0,18,1WR-C,E,10
SFN,"Johnson,P",44,20,19,10.6,29.6,19.5,0,0,4,15,14,14.9,28.9,35.8,3,6,4,7,R(2),2-33,0,4,1WR-C,E,10
CHA,"Jones,N",30,31,10,10.8,20.8,29.9,4.2,8*,0,26,21,12.1,33,12.4,0,0,0,-1,R(1) C(3),3- 0,0,13,1WR-C,E,10
KCA,"Junis,J",177,18,5,21.7,26.6,34.2,2.4,5,4,30,3,16.8,19.8,36.2,5.3,8,5,0,S(6),3- 8,0,11,1WR-D,E,10
TEA,"Jurado,A",55,0,13,30,43,47.9,2.6,4,12,0,2,19.7,21.7,27.9,0.6,1,11,-4,S(5) R(4),3- 0,0,0,1WR-B,E,10
NYA,"Kahnle,T",23,42,12,15.4,27.4,34.8,3.2,3,0,27,32,17.6,49.6,35,0.4,0*,0,-1,R(1) C(0),4-51,0,18,1WR-C,E,10
PIN,"Kela,K",52,41,9,12.3,21.3,27.6,0.8,1*,0,47,9,4.8,13.8,10.1,1.6,1*,0,8,R(1) C(6),4-51,13,20,1WR-C,E,10
KCA,"Keller,B",140,14,17,18,35,21.6,0,0,11,9,3,16.8,19.8,19.5,0,0,12,1,S(6) R(3),3- 0,0,13,3WR-C,E,10
OAA,"Kelley,S",49,52,3,15.8,18.8,31.9,0.2,0*,0,24,0,4,4,16,4,7*,0,-3,R(1),3- 0,0,9,1WR-C,E,10
SFN,"Kelly,C",24,1,0,36.3,36.3,78.3,4.3,8,2,15,0,22,22,25.3,0.2,1,2,-1,S(4) R(4),4-51,15,0,1WR-C,E,10
BOA,"Kelly,J",66,33,10,9.6,19.5,15.1,0,0,4,25,21,14.8,35.8,17.2,0,0,4,7,R(1) C(1),3-44,0,13,1WR-C,E,10
SDN,"Kennedy,B",27,18,11,20.6,31.6,38.5,4.1,8,0,0,11,41,52,64.4,4.5,8,0,9,S(5),4- 0,0,7,1WR-B,E,10
KCA,"Kennedy,I",120,29,8,17.5,25.4,31.9,1.6,3,2,12,7,20.3,27.3,39,4.6,8,3,-2,S(6),3-12,0,7,3WR-C,E,10
LAN,"Kershaw,C*",161,25,0,17.4,17.4,32.1,3.6,5,4,28,2,13,15,21.6,0.8,1,4,-3,S(6),2-10,0,14,4WL-C,E,14
HOA,"Keuchel,D*",205,22,1,29.9,30.9,39.8,1.2,1,7,12,7,21.4,28.4,30.3,0.6,1,7,-2,S(6*),1- 0,0,9,1WL-D,E,10
OAA,"Kiekhefer,D*",2,0,0,70,70,141.4,17.6,8*,0,0,0,78,78,141.7,0,0*,0,-1,R(1),4- 0,0,20,1WL-C,E,10
BOA,"Kimbrel,C",62,48,22,2.9,24.9,11.4,2.8,4*,0,60,16,1,17,4,1,1*,0,4,R(1) C(6),4- 0,0,20,1WR-C,E,10
PIN,"Kingham,N",76,10,8,20.1,28.2,51.5,6.3,8,0,30,4,12.9,16.9,34.1,4.8,8*,0,-4,S(5) R(3),4-51,5,8,1WR-D,E,10
MMN,"Kinley,T",11,30,19,19,38,29.2,2.6,4,0,15,10,35.8,45.8,66.3,3.2,7,0,9,R(1),2- 0,0,20,1WR-C,E,10
CHN,"Kintzler,B",61,18,16,18,34,37.3,2,3,10,7,0,31.6,31.6,40.3,0,0,10,-5,R(1) C(1),2- 0,0,3,1WR-D,E,10
TBA,"Kittredge,A",38,33,14,21.1,35.2,35.2,0,0,4,0,2,41.2,43.2,66.7,5,8,12,-1,S(4) R(3),4- 0,0,4,1WR-C,E,10
CLA,"Kluber,C",215,37,2,11.8,13.8,25.3,2.8,4,10,29,0,14,14,20.4,0.8,1,9,-2,S(7*),1- 0,0,1,1WR-D,E,10
MLN,"Knebel,C",55,54,13,4.9,17.9,16.1,2.4,3*,1,52,13,10,23,26.8,1.8,3*,0,9,R(1) C(5),4- 0,0,0,1WR-C,E,10
ARN,"Koch,M",87,19,4,12.4,16.5,28.5,4.3,7,12,0,5,27.4,32.4,51.7,5.8,8,12,-3,S(5) R(3),2- 0,0,7,1WL-A,E,10
TBA,"Kolarek,A*",34,3,0,18.1,18.1,33.4,0,0,12,4,0,31.2,31.2,43.8,0,0,12,-1,R(2) C(1),4-42,0,0,1WL-C,E,10
NYA,"Kontos,G",27,0,10,20.2,30.2,34.3,2.6,4,0,24,0,16.5,16.5,44.4,5.8,8*,0,9,R(1) C(0),4- 0,0,8,1WR-C,E,10
CHA,"Kopech,M",14,37,0,23,23,49.3,6,8,2,17,0,39.2,39.2,76.2,7,8,3,-1,S(4),4- 0,0,14,1WR-C,E,10
ARN,"Krehbiel,J",3,0,0,0,0,0,0,0*,0,0,32,0,32,0,0,0*,0,-1,R(1),3- 0,0,0,1WR-C,E,10
LAA,"Krol,I*",2,32,0,40.5,40.5,40.5,0,0,0,24,34,0,34,0,0,0*,0,-1,R(1),2- 0,0,0,1WL-C,E,10
PIN,"Kuhl,C",85,31,13,13.4,26.4,34.3,4.8,8,0,17,8,22.6,30.6,30.6,1.2,2,2,0,S(6),4-17,0,18,2WR-A,E,13
LAA,"Lamb,J*",10,21,0,49.2,49.2,96.6,0,0,0,24,6,30.1,36.1,87.2,13.8,8*,0,-1,S(4),3- 0,0,0,1WL-C,E,10
SDN,"Lauer,E*",112,3,11,25.4,36.4,41.8,2.8,6,1,24,10,23.5,33.5,34.1,2,2,2,-6,S(5),2- 0,4,3,1WR-B,E,10
SFN,"Law,D",13,7,21,16.9,37.9,24.9,0,0,6,21,14,27.6,41.7,70.5,9,8,1,2,R(3),4- 0,0,14,3WR-C,E,10
SEA,"Lawrence,C",23,0,0,21.8,21.8,40.2,1.6,2,12,7,17,29.6,46.6,51.6,0,0,12,0,R(3),2- 0,0,8,1WR-C,E,10
SEA,"Leake,M",186,0,0,28.8,28.8,38.2,0,0,12,16,0,23.1,23.1,41.3,3,5,9,-4,S(6),2-23,0,1,1WR-C,E,14
SEA,"Leblanc,W*",162,21,0,19.5,19.5,35.8,2.6,5,3,17,5,16.2,21.2,29,2.8,4,3,-2,S(5) R(3),2- 0,0,0,3WL-B,E,10
TEA,"Leclerc,J",58,51,24,0,24,0,0,0*,0,68,10,0,10,0,0,0*,0,1,R(1) C(4),4-50,0,8,1WR-C,E,10
TOA,"Leiter,M",23,30,9,19.3,28.3,34.7,4.3,7,0,3,7,32.8,39.8,65.6,6.7,8,0,9,R(2),4- 0,0,15,1WR-C,E,10
SLN,"Leone,D",24,32,7,27.8,34.8,36.2,2.8,5,0,31,0,20.6,20.6,23.6,1,1,0,-1,R(1),4-51,0,0,1WR-C,E,10
CHN,"Lester,J*",182,21,13,19.3,32.3,42.8,4,7,7,18,8,15.2,23.2,20.9,1.4,2,7,4,S(6),2- 0,0,4,6NL-C,E,13
DEA,"Lewicki,A",39,9,10,35.7,45.7,48.7,0.8,1,6,24,7,23.6,30.6,34.4,1.4,2,7,6,S(4) R(4),4- 0,0,0,1WR-C,E,10
LAN,"Liberatore,A*",13,1,60,0.6,60.6,1.8,0,0*,12,42,0,16.1,16.1,40.1,2.2,3,8,-1,R(1),3- 0,0,0,1WL-C,E,10
DEA,"Liriano,F*",134,21,14,3,17,6.8,1.2,2*,10,16,19,15.9,34.8,29.6,2.8,4,10,1,S(5),2- 0,0,14,1WL-B,E,10
MNA,"Littell,Z",20,15,14,31.4,45.4,63.5,1.2,0,3,1,19,16.5,35.5,32.9,2.8,5,6,-1,S(4) R(3),3- 0,0,0,1WR-C,E,10
KCA,"Lively,B",30,11,18,28.8,46.8,48,2.8,4,0,25,6,26.8,32.8,32.6,0.2,0,3,3,S(4) R(3),4- 0,0,0,1WR-D,E,10
NYA,"Loaisiga,J",25,30,16,22.1,38.2,37.1,1,0,4,34,15,18.8,33.8,30.8,2,3,2,3,S(4) R(3),3- 0,0,0,1WR-C,E,10
SDN,"Lockett,W",15,0,27,32.3,59.3,76.9,7.6,8,0,25,0,26.8,26.8,37.3,2.6,4,0,2,S(4) R(3),3- 0,0,0,1WR-C,E,10
MLN,"Logan,B*",11,18,31,20.3,51.3,55.3,8.5,8*,0,23,7,37,44,59.2,2.8,5,0,-1,R(1),4- 0,0,16,1WR-C,E,10
KCA,"Lopez,J",54,8,12,15.1,27.1,27,2.6,4,2,16,9,29.4,38.4,40.2,0,0,1,-1,S(4) R(3),2- 0,0,12,4WR-C,E,10
MMN,"Lopez,P",59,21,2,18.2,20.2,30.6,0.2,0,5,14,3,19.6,22.6,42.1,5.5,8,5,2,S(6),3-24,0,7,2WL-C,E,10
CHA,"Lopez,R",189,17,13,8.8,21.8,20.8,2,3,2,19,10,14.9,24.9,26.5,2.2,3,2,0,S(6),2- 0,6,8,1WR-C,E,10
ARN,"Lopez,Y",9,32,0,6.3,6.3,24.3,6,8*,0,50,0,16.5,16.5,50.9,5.5,8*,0,8,R(1),3- 0,0,0,1WR-C,E,10
CIN,"Lorenzen,M",81,17,20,20.5,40.5,26.8,0.8,0,8,3,6,17.7,23.7,23.6,0.4,0,8,3,S(4) R(3) C(0),3-18,0,5,8NR-C,E,14
PHN,"Loup,A*",40,22,8,22.5,30.5,32.7,0,0,12,32,8,26.5,34.5,47.9,3.8,6,0,6,R(1),3-36,0,0,1WL-C,E,10
OAA,"Lucas,J",14,15,30,15.6,45.6,30.2,0,0*,17,29,12,28,40,36.8,0,0,3,1,S(4) R(3),3- 0,0,0,1WR-C,E,10
SDN,"Lucchesi,J*",130,40,10,18.1,28.1,20.3,0,0,4,33,7,16.5,23.5,35.6,4.3,8,6,-1,S(5),3-22,0,6,1WL-D,E,10
NYN,"Lugo,S",101,33,7,5.3,12.3,10.7,0.8,1*,5,29,2,18.3,20.3,23.7,1.4,1,5,-2,S(4) R(3) C(2),3-14,4,4,1WR-B,E,12
MLN,"Lyles,J",88,25,8,5.1,13,11,1.4,1,2,26,5,28,33,45.9,3.4,5,1,2,S(6) R(3),4-17,0,12,1WR-B,E,14
NYA,"Lynn,L",157,11,18,24.8,42.8,35,0.8,0,5,38,12,14.9,26.9,22.4,1,0,2,0,S(5) R(3),4-28,0,6,1WS-C,E,10
SLN,"Lyons,T*",17,27,10,33,43,46.5,1.2,2,0,24,5,36,41,84.2,8.3,8,0,3,R(1),3- 0,0,20,1WL-C,E,10
LAN,"Madson,R",53,26,13,22.9,35.9,32,1.8,3,6,29,0,24.7,24.7,36,2.4,3,5,9,R(1) C(2),4- 0,0,12,1WL-C,E,10
LAN,"Maeda,K",125,23,10,21.1,31.1,39.9,2.6,2,3,47,6,11.3,17.3,23.1,0.8,0,0,0,S(5) R(3) C(1),2-12,6,3,1WR-A,E,14
MNA,"Magill,M",57,14,22,13.5,35.4,27.5,2.4,3,3,34,4,18.5,22.5,36.7,4.3,8,1,3,R(2),4- 0,0,0,1WR-C,E,10
CIN,"Mahle,T",112,20,21,19.1,40.1,40.7,5,7,4,23,1,22.9,23.9,32.3,2.2,2,16,-3,S(5),3-13,0,1,1WR-A,E,10
SDN,"Makita,K",35,32,14,18.6,32.6,44.1,6,8,0,24,0,11.4,11.4,22.5,3.4,5,0,-2,R(2),3- 0,0,0,1WR-C,E,10
OAA,"Manaea,S*",161,8,0,17.8,17.8,24.8,0.4,1,7,14,2,12.5,14.5,25.5,3,5,6,-2,S(6),4-10,0,13,1WR-C,E,10
TEA,"Mann,B*",8,0,28,7,35,14,0,0*,12,0,16,16.7,32.7,38.5,2.6,4*,12,7,R(2),2- 0,0,20,1WL-C,E,10
CHN,"Maples,D",5,6,23,32.9,55.9,91,10.5,8,2,25,28,16.7,44.7,60.3,10.2,8*,0,-1,R(1),3- 0,0,20,1WR-C,E,10
BAA,"Marinez,J",8,0,54,16.4,70.4,32.8,0,0*,2,0,28,15.1,43,27.8,4.3,8,4,-1,R(1),4-51,0,0,1WR-C,E,10
CON,"Marquez,G",196,24,6,23.8,29.8,35,2.6,3,6,49,4,8.9,12.9,21.8,1.2,1,6,0,S(6*),3-15,0,9,8NR-C,E,12
CLA,"Marshall,E",7,30,6,35,41,35,0,0,0,6,22,42.7,64.7,47.7,0,0,1,-1,R(1),3- 0,0,20,1WR-C,E,10
TEA,"Martin,C",42,17,0,21,21,38.4,2.4,3,3,24,0,21.8,21.8,30.1,1.4,1,3,1,R(1),4-34,0,20,1WR-C,E,10
SLN,"Martinez,C",119,20,19,11,30,15.9,0,0,9,36,10,10.8,20.8,14.6,0,0,7,2,S(5) R(3) C(4),3-36,0,8,7NR-B,E,14
SDN,"Maton,P",47,35,8,18.9,26.9,28.5,0,0,2,28,19,23,42,34.7,0,0,0,0,R(2),3- 0,0,18,1WR-C,E,10
NYN,"Matz,S*",154,17,12,14.8,26.8,21,0.8,0,8,29,9,11,20,28,3.6,6,10,9,S(5),3-28,0,0,6NR-A,E,13
KCA,"Maurer,B",31,13,22,28.8,50.8,57.5,4.5,8,0,19,26,19.3,45.3,38,3.2,7,0,3,R(1) C(0),3- 0,0,11,1WR-C,E,10
MNA,"May,T",25,57,5,3.9,8.9,13.5,3.2,5,0,40,1,15.8,16.8,25.8,2.4,4,3,2,R(1) C(2),4-51,0,9,1WR-C,E,10
SLN,"Mayers,M",52,30,1,16.3,17.3,34.3,1.8,3,2,18,9,31.3,40.3,54.9,2.8,4,0,-1,R(2) C(0),2- 0,0,17,1WR-D,E,10
TOA,"Mayza,T*",36,34,0,15.5,15.5,19.8,0.6,1,3,33,14,13.9,27.9,28.4,1.4,1,4,2,R(1),2- 0,0,12,1WL-C,E,10
CHN,"Mazzoni,C",9,5,33,0.1,33.1,0.2,0,0*,0,28,3,4.5,7.5,9,0,0*,0,-1,R(2),2- 0,0,0,1WR-C,E,10
DEA,"McAllister,Z",45,10,0,38.1,38.1,61.7,3.6,6,4,26,4,21.7,25.6,43.9,2.8,4,2,9,R(1),5-31,0,14,1WR-C,E,10
ATN,"McCarthy,B",79,20,10,21.5,31.5,39.7,4.8,8,8,14,0,35.7,35.7,52.3,3.2,5,13,-5,S(5),2-19,0,5,1WR-C,E,12
KCA,"McCarthy,K",72,3,10,16.2,26.2,33.1,3.8,8,12,14,2,20.6,22.6,24.6,0,0,12,-2,R(1),4-40,0,6,1WR-C,E,10
ATN,"McCreery,A*",1,29,0,43.4,43.4,43.4,0,0,0,10,0,62.5,62.5,62.5,0,0,0,-1,R(1),3- 0,0,0,1WL-C,E,10
HOA,"McCullers,L",128,43,13,7.2,20.2,13.6,0.6,0,7,26,11,15.8,26.8,27.8,1.2,2,11,0,S(6) R(3),2-11,3,20,1WL-C,E,10
ARN,"McFarland,T*",72,21,0,6.8,6.8,11.3,0,0,12,0,10,23.3,33.3,29.5,0,0,12,-2,R(2) C(0),4-40,0,6,1WL-C,E,10
CON,"McGee,J*",51,22,17,25.8,42.8,48.3,3.8,6,0,19,0,23.2,23.2,54.3,3.6,4,0,-4,R(1) C(0),2-28,0,20,1WL-C,E,10
WAN,"McGowin,K",8,56,0,6.8,6.8,18.8,2.6,4*,0,3,49,9.7,58.7,38.5,9.6,8*,0,-1,S(4) R(3),2- 0,0,20,1WR-C,E,10
SDN,"McGrath,K*",4,33,16,18.3,34.3,73,18.3,8*,0,13,39,17,56,68.1,17,8*,0,-1,R(2),3- 0,0,0,1WL-C,E,10
LAA,"McGuire,D",38,16,21,10.9,32,19,2.6,3,18,16,27,18.1,45.1,50,7.5,8,3,-1,S(4) R(3),4-38,0,10,3WR-D,E,10
HOA,"McHugh,C",72,37,12,6.8,18.8,15.5,1,1*,0,59,4,5.4,9.4,12.1,0.8,0*,0,-2,R(2),3-20,0,0,1WR-C,E,10
PIN,"McRae,A",6,54,6,15,21,27.3,0,0*,0,0,42,32.8,74.8,65.6,0,0*,0,-1,R(2),2- 0,0,20,1WR-C,E,10
BAA,"Means,J*",3,25,0,43.1,43.1,86.1,0,0*,0,26,0,43.7,43.7,116.4,15.3,8*,0,-1,R(1),4- 0,0,0,1WL-C,E,10
ARN,"Medlen,K",4,0,46,24.5,70.4,24.5,0,0,0,13,24,33.7,57.7,58.2,0,0,0,-1,S(4),4- 0,0,20,1WS-C,E,10
BAA,"Meisinger,R",21,23,31,9.4,40.4,37.6,9.4,8*,6,32,10,10.9,20.9,36.6,6.8,8*,15,9,R(2),4- 0,0,20,1WR-C,E,10
MNA,"Mejia,A*",22,9,3,0,3,0,0,0*,0,7,16,13.5,29.5,13.5,0,0,0,-1,S(5) R(3),3- 0,0,20,1WR-C,E,10
SFN,"Melancon,M",39,32,4,35.4,39.4,41.2,0,0,1,2,8,26.3,34.3,36.3,0,0,15,-2,R(1) C(2),3- 0,0,20,1WR-C,E,10
CIN,"Mella,K",9,0,36,25,61,76.9,14.7,8,3,21,18,28.8,46.8,67.5,5,8*,1,7,R(4),2- 0,0,20,1WR-C,E,10
TEA,"Mendez,Y*",28,0,25,27.2,52.2,39.5,0,0,11,11,16,10.1,26.1,23.8,3.2,5,14,-1,S(4) R(3),4-51,0,0,1WL-C,E,10
OAA,"Mengden,D",116,5,0,11.6,11.6,23.3,3.2,7,5,12,8,14.9,22.8,34,2.4,4,5,-3,S(5) R(4),3-13,0,11,3WR-C,E,10
MMN,"Meyer,B",19,0,29,30.8,59.8,62.1,3.4,6,3,0,8,29.9,37.8,45.8,0,0,12,-1,R(2),3- 0,0,9,1WR-C,E,10
LAA,"Middleton,K",18,24,8,22.2,30.2,32.2,0,0,8,29,26,6,32,11,0,0,7,1,R(1) C(4),3- 0,0,13,1WR-C,E,10
SLN,"Mikolas,M",201,13,0,23.9,23.9,32,1.4,2,9,18,0,8.6,8.6,10,0,0,9,-2,S(6*),4-15,2,1,6NR-C,E,10
MLN,"Miley,W*",81,0,16,14.1,30.1,17.9,0,0,9,12,6,18,24,24.9,0,0,9,-1,S(5),1-18,0,2,3WL-D,E,10
CLA,"Miller,A*",34,31,9,14.1,23.1,25.7,0.8,0,1,45,15,14.5,29.5,31.4,1.2,2*,0,0,R(1) C(1),3- 0,0,5,1WL-C,E,10
WAN,"Miller,J",52,27,11,10.8,21.8,34.2,6.8,8,0,42,6,8.6,14.7,22.6,3.2,4,0,8,R(2) C(1),4-28,0,4,1WR-C,E,10
ARN,"Miller,S",16,24,21,18.5,39.5,40.5,4,7,1,12,4,48.2,52.2,92.7,10.8,8,0,2,S(4) R(3),4- 0,0,12,1WR-D,E,13
CHN,"Mills,A",18,36,5,6.8,11.9,13.6,0,0*,14,51,18,3.7,21.7,7.3,0,0*,4,-1,S(4) R(3),4- 0,0,13,1WR-C,E,10
TBA,"Milner,H*",7,22,11,14.8,25.8,52.3,12.5,8,0,18,22,21.3,43.3,54.8,7.8,8,0,-1,R(1),2- 0,20,0,1WL-C,E,10
WAN,"Milone,T*",26,29,0,10.6,10.6,23.8,3.2,5,0,14,0,38,38,68,6.8,8,0,-1,S(5) R(3),3- 0,0,0,1WL-B,E,10
CHA,"Minaya,J",47,40,16,6.9,23,10.2,0,0,0,37,21,10.8,31.8,19.5,0,0*,0,9,R(2) C(0),5-51,0,20,1WR-C,E,10
TEA,"Minor,M*",157,24,0,20.8,20.8,52.7,5,8*,9,21,6,12.9,18.9,29,2.4,4*,9,-1,S(6),3-18,2,4,4WR-C,E,10
ATN,"Minter,A*",61,40,6,17.1,23.1,18.1,0,0,0,29,10,20.4,30.4,25.6,0,0,0,0,R(1) C(4),4- 0,0,18,1WL-C,E,10
SEA,"Miranda,A*",5,9,45,8.8,53.8,8.8,0,0,0,22,23,25.6,48.6,31.1,0,0,0,-1,S(4),2- 0,0,0,1WL-D,E,10
SDN,"Mitchell,B",73,0,26,14.7,40.7,27.9,1.4,2,13,0,12,29.7,41.7,44,3.8,7,12,9,S(5) R(4),4-20,0,2,1WL-B,E,10
OAA,"Montas,F",65,4,9,28.3,37.3,53.2,0.6,1,12,16,6,23,29,28.7,0,0,11,-5,S(6) R(3),3- 0,0,17,1WR-C,E,10
NYA,"Montgomery,J*",27,9,0,0,0,0,0,0*,6,20,16,19.4,35.3,25.8,1.8,2,4,-1,S(5),3- 0,0,0,1WL-C,E,10
CHN,"Montgomery,M*",124,21,9,19.8,28.8,27,0.2,0,7,8,4,25.8,29.8,33.1,0.8,1,7,2,S(5) R(3),2-12,0,6,1WL-C,E,13
TEA,"Moore,M*",102,2,5,24.5,29.5,42.6,3.2,8,8,20,11,23.1,34.2,47.5,3,4,6,-4,S(4) R(3),2-14,0,12,1WL-B,E,12
LAA,"Morales,O",0,0,0,70.1,70.1,70.1,0,0,0,0,0,71.5,71.5,71.5,0,0,0,-1,R(1),4- 0,0,20,1WR-C,E,10
PHN,"Morgan,A*",49,36,15,16.2,31.2,16.2,0,0,2,14,6,11.6,17.6,25.2,3.8,4,0,9,R(1) C(0),4- 0,6,13,1WL-C,E,10
SEA,"Morin,M",4,34,0,38,38,56.9,0,0,0,25,0,47.1,47.1,109.7,0,0,0,-1,R(1),3- 0,0,0,1WR-C,E,10
SFN,"Moronta,R",65,49,10,5.9,15.9,7.9,0,0,4,37,25,0,25,0,0,0*,5,8,R(2) C(0),4- 0,0,18,1WR-C,E,10
LAA,"Morris,A",14,0,3,31.6,34.6,60.3,5.2,7,7,0,33,22.3,55.3,42,1.6,3,8,-1,R(2),2- 0,0,14,1WR-C,E,10
CHN,"Morrow,B",31,33,8,1.6,9.5,2.2,0.2,0,2,28,6,22.2,28.2,23.4,0.4,0,2,0,R(1) C(6),3- 0,0,7,1WR-C,E,10
HOA,"Morton,C",167,43,15,9.1,24.1,21.5,1.8,2,3,33,10,12.4,22.5,19.4,1.2,1,10,-2,S(6),2- 0,0,5,1WR-C,E,10
MNA,"Moya,G*",36,20,19,16.6,35.7,23.6,1,1,2,17,4,13.4,17.4,31.5,4.3,7,0,0,S(1) R(1),3- 0,0,5,1WL-C,E,10
ATN,"Moylan,P",28,15,15,22.1,37.2,28.1,2,3,14,15,19,27.7,46.7,39.8,2.4,4,7,1,R(1),3- 0,0,20,1WR-C,E,10
CON,"Musgrave,H*",45,24,0,16.3,16.3,43.3,3.4,5*,11,5,25,11.9,37,37.9,2.8,3*,11,-3,R(2),2- 0,9,10,1WL-C,E,10
PIN,"Musgrove,J",115,15,0,22.6,22.6,38.4,1.8,2,1,26,1,14.8,15.8,20.9,1.2,2,2,-3,S(6),2-12,0,9,2WR-A,E,14
LAN,"Neal,Z",1,0,0,39.2,39.2,118.7,26.5,8,0,0,0,59.2,59.2,194.9,45.3,8,0,-1,R(1),3- 0,0,0,1WR-C,E,10
PHN,"Neris,H",48,46,9,14.3,23.3,41.1,7,8*,0,49,6,10.8,16.8,27.8,3.2,4,0,0,R(1) C(4),4-30,0,20,1WR-C,E,10
PHN,"Neshek,P",24,4,0,26.4,26.4,60.6,2.2,2,9,10,0,11.6,11.6,13.8,0.2,0,9,-1,R(1) C(3),4- 0,0,9,1WS-C,E,10
PIN,"Neverauskas,D",27,21,22,22.3,44.3,82.3,17.3,8*,0,28,0,18,18,38.4,4.5,8,6,0,R(2),3- 0,0,16,1WR-C,E,10
KCA,"Newberry,J",13,15,29,14.8,43.8,32.2,2.4,5*,0,15,20,12.4,32.5,36.2,7.3,8,0,-1,R(1),3- 0,0,16,1WR-C,E,10
ATN,"Newcomb,S*",164,33,19,6.2,25.1,19.1,4.3,8,4,22,15,15.2,30.2,22.6,1,1,6,1,S(6),3- 8,0,5,1WL-A,E,10
SEA,"Nicasio,J",42,44,0,23,23,40,2.6,5,0,29,0,34.8,34.8,54.7,1.6,2,0,-1,R(1) C(0),3- 0,0,0,1WR-C,E,12
SDN,"Nix,J",42,0,6,30.1,36.2,60.1,5.5,8,8,0,6,25.8,31.8,45,1.6,2,8,0,S(4),2- 0,0,20,1WR-C,E,10
PHN,"Nola,A",212,37,9,1.5,10.5,5.4,1.2,0*,10,34,2,7.5,9.5,16.1,1,0*,10,2,S(6*),3- 7,2,4,1WR-C,E,10
SLN,"Norris,B",58,43,12,5.2,17.2,9.2,0,0*,7,30,3,24.7,27.7,43.3,6.2,8,5,-1,R(1) C(4),4-51,0,20,1WR-C,E,12
DEA,"Norris,D*",44,21,7,33.1,40.1,51.8,6,7,0,33,14,11.8,25.8,28.6,3.2,5,0,2,S(5) R(3),2- 0,8,9,1WL-C,E,10
CHN,"Norwood,J",11,18,22,28.1,50.2,44.8,0,0,0,15,6,27,33,29.2,0,0,0,-1,R(2),5-51,0,17,1WR-C,E,10
PIN,"Nova,I",161,3,1,22,23,41.4,3.2,6,6,19,1,16.8,17.8,32.2,2.8,5,7,0,S(6),5-44,2,12,1WR-B,E,12
TBA,"Nuno,V*",33,4,10,11.9,21.9,35.3,7,8,0,32,0,6.3,6.3,14.6,2.2,3,0,-1,R(3),3- 0,12,0,3WL-C,E,10
KCA,"Oaks,T",14,2,16,43.3,59.3,76,0,0,9,18,8,35.4,43.4,43.2,2.6,5,4,4,S(4) R(3),3- 0,0,0,1WR-C,E,10
CON,"Oberg,S",59,33,3,20.2,23.2,23.2,1,0,9,27,3,7.5,10.5,14.1,0.4,0,13,7,R(2),2- 0,0,12,1WR-C,E,10
BAA,"O'Day,D",20,52,0,13.1,13.1,43.7,9.3,8*,0,49,0,14.4,14.4,26.6,0.4,0,0,-1,R(1) C(1),3- 0,19,0,1WR-C,E,10
MNA,"Odorizzi,J",164,23,10,13.5,23.5,31,2,2*,3,29,15,13.4,28.4,23.9,1.4,2,3,0,S(5),3-18,0,0,1WR-B,E,10
CLA,"Ogando,A",1,13,42,21.8,63.8,43.6,0,0*,0,3,26,37.3,63.3,73.6,0,0*,0,-1,R(1),3- 0,0,0,1WR-C,E,10
MMN,"O'Grady,C*",7,17,13,21,34,73.5,15.8,8*,0,35,20,11,31,30.5,4.3,8*,0,-1,R(1),5- 0,0,0,1WR-C,E,10
CON,"Oh,S",68,23,12,18.2,30.2,38.4,4.3,6,0,48,0,5.7,5.7,10.5,0.6,0,0,-5,R(1) C(2),4-21,0,10,1WR-C,E,10
LAA,"Ohtani,S",52,35,21,3.4,24.5,3.4,0,0,0,44,9,11,20,26.4,3.2,5,0,-3,S(5),3- 0,0,20,8NL-D,E,10
SFN,"Okert,S*",7,25,0,0,0,0,0,0*,0,44,0,17.6,17.6,50.4,8,8,0,-1,R(1),5- 0,0,0,1WL-C,E,10
CLA,"Olson,T*",27,55,9,9.9,18.9,22.4,2.6,4*,0,33,10,24,34,49,3,4,1,0,R(1),3- 0,0,7,1WR-C,E,10
BAA,"Ortiz,L",2,0,25,53,78,109,0,0*,0,0,32,45.2,77.2,61.7,0,0*,0,-1,S(4) R(3),3- 0,0,20,1WR-C,E,10
SFN,"Osich,J*",12,0,6,63.5,69.5,96.8,5.5,8*,0,10,19,29.5,48.5,39.4,1.2,3,10,-1,R(2),2- 0,0,20,1WL-C,E,10
HOA,"Osuna,R",38,28,0,22.2,22.2,31,0,0,6,16,0,6.8,6.8,8,0,0,6,0,R(1) C(6),3- 0,0,19,1WR-C,E,10
NYN,"Oswalt,C",65,2,8,12.1,20.1,20.1,2.4,4,0,15,5,24.8,29.8,51.2,6.8,8,2,0,S(5) R(3),2- 0,0,13,1WR-B,E,10
CLA,"Otero,D",59,14,0,27,27,62.1,7.5,8,12,12,0,17,17,33.5,2.4,3,12,-4,R(1) C(0),3- 0,7,0,1WR-C,E,10
CON,"Ottavino,A",78,48,17,2.6,19.6,3,0,0,3,63,12,0.7,12.7,2.5,0.6,0*,1,9,R(1) C(3),5-19,0,20,1WS-C,E,10
OAA,"Pagan,E",62,18,16,22.1,38.2,65.9,7.8,8*,0,35,1,8.6,9.6,23.4,3.4,6*,0,6,R(2),3- 0,0,10,1WL-C,E,10
TOA,"Pannone,T*",43,25,9,22.1,31.1,39.6,0,0,0,5,9,6.5,15.5,24.8,5.3,8*,0,-1,S(6) R(3),4- 0,0,0,1WL-C,E,10
LAA,"Paredes,E",18,7,15,24.8,39.8,42.3,1.8,1,4,19,5,36.3,41.3,78.9,10.1,8,1,0,R(2),4- 0,0,0,1WR-C,E,10
LAN,"Paredes,E*",8,42,14,5.7,19.6,21.4,4.6,7*,0,8,0,22.7,22.7,76.9,8.8,8*,0,9,R(1),4- 0,0,0,1WL-C,E,10
LAA,"Parker,B",66,26,7,21.8,28.9,36.9,2.8,3,5,35,4,13.5,17.4,27.6,3.6,7,6,1,R(1) C(4),3- 0,0,20,1WR-C,E,10
ATN,"Parsons,W",5,0,11,24.5,35.5,41.3,0,0,0,13,12,36.1,48.1,75.9,13.3,8,0,-1,R(3),4- 0,0,0,1WR-C,E,10
TOA,"Paulino,D",7,41,12,8.3,20.3,33,8.3,8*,0,14,5,15.4,20.4,23.8,0.2,0,0,-1,R(1),4-51,0,0,1WR-C,E,10
SEA,"Paxton,J*",160,46,5,12.8,17.8,21.5,1.6,3,4,45,5,11.7,16.7,23.3,2.8,4,3,-1,S(6),4- 0,0,11,1WL-C,E,10
SEA,"Pazos,J*",50,21,7,24.5,31.5,37.5,3,5,10,21,5,14.1,19.1,21.1,0,0,12,0,R(1),4- 0,0,8,1WR-C,E,10
HOA,"Peacock,B",65,36,10,19.7,29.7,60.7,10,8*,4,55,6,10.6,16.6,18.5,0.2,0,0,1,R(1) C(2),4-22,0,17,1WR-D,E,10
TEA,"Pelham,C*",8,15,0,56.6,56.6,79.3,0,0,0,14,19,25,44,59,0,0*,11,9,R(1),4- 0,0,0,1WL-C,E,10
LAA,"Pena,F",93,14,10,22.9,32.8,35.8,1.8,2,5,34,4,13.1,17.1,19.1,2,3,6,0,S(5) R(3),2- 0,0,17,1WR-C,E,10
MLN,"Peralta,F",78,33,23,16.5,39.5,40,3.2,3*,1,50,13,0,13,0,0,0*,15,0,S(6) R(3),4- 0,5,8,1WR-C,E,10
KCA,"Peralta,W",34,34,27,4.8,31.8,13.4,1.2,3*,7,22,21,16.1,37.1,27.6,2,3,10,-1,R(1) C(4),2- 0,0,20,1WR-C,E,10
CIN,"Peralta,W*",45,4,16,26.5,42.5,31.5,0,0,2,7,22,24.4,46.3,27.5,0,0,2,2,R(1),3- 0,0,0,1WL-B,E,10
SDN,"Perdomo,L",45,5,13,33.2,46.2,56.8,2.6,4,5,28,10,31,41,44.5,0,0,3,2,S(4) R(3),4- 0,0,17,2WR-D,E,10
HOA,"Perez,C*",11,15,35,8.3,43.3,33,8.3,8*,11,41,20,7,27,28,7,8*,2,-1,R(2),3- 0,0,0,1WL-C,E,10
TEA,"Perez,M*",85,8,0,21.8,21.8,42.8,3,4,10,4,15,29.3,44.3,44.2,3.4,5,9,-6,S(5) R(3),4- 0,5,6,1WL-D,E,10
CLA,"Perez,O*",32,46,0,9.6,9.6,11.8,0,0,0,67,0,0,0,0,0,0*,0,2,R(1),2- 0,0,7,1WL-C,E,10
MMN,"Peters,D*",28,4,27,23,50,30.8,0,0,4,4,12,26.3,38.3,44.7,3.8,8,6,-1,S(5) R(3),2- 0,0,20,1WL-C,E,10
NYN,"Peterson,T",28,26,0,25.2,25.2,59.4,11.4,8,0,18,0,11,11,29,6,8,0,5,R(2),3- 0,0,0,1WR-C,E,10
OAA,"Petit,Y",93,24,0,6.1,6.1,18.8,3.4,7,4,19,0,16.5,16.5,31.1,1.8,3,4,2,R(2),2- 0,0,2,1WR-C,E,10
TOA,"Petricka,J",46,20,16,16.4,32.4,41.8,3.8,7*,12,19,3,36.3,39.3,49,0,0,11,0,R(2),4- 0,0,20,1WR-C,E,10
BAA,"Phillips,E",12,8,33,9.9,43,39.6,9.9,8*,4,4,25,13.7,38.7,50.8,11.7,8*,3,-1,S(1) R(1),2- 0,0,16,1WR-C,E,10
PHN,"Pivetta,N",164,34,9,17.7,26.7,26.5,2.6,3,6,36,6,15.4,21.4,26.9,2,2,8,0,S(5),3-26,0,10,1WR-A,E,13
CLA,"Plutko,A",77,4,10,23.3,33.3,62.3,8.8,8*,0,27,3,15.6,18.6,40,5,8*,0,-2,S(6) R(3) C(0),2- 0,5,8,1WR-B,E,10
BOA,"Pomeranz,D*",74,7,7,25.8,32.8,34.3,0,0,19,17,22,20.5,42.5,40.8,3.4,6,6,-1,S(5) R(3),3- 0,5,11,1WR-C,E,10
SLN,"Poncedeleon,D",33,37,16,1.4,17.4,1.4,0,0*,11,17,9,15.2,24.2,28.5,0.4,0,11,-2,S(4) R(3) C(0),3-44,0,0,1WR-B,E,10
BOA,"Porcello,R",191,32,4,14.8,18.8,30.2,3.4,6,0,24,4,15.4,19.4,23.5,1.8,2,2,0,S(6*),4-23,2,3,4WR-C,E,10
CON,"Pounders,B",15,34,0,32.5,32.5,64.1,1.8,2,3,11,0,52,52,94.6,4.3,7,1,-1,R(1),4- 0,0,13,1WR-C,E,10
BOA,"Poyner,B*",22,42,0,5.9,5.9,14.9,0,0,0,30,0,22.5,22.5,53.1,5.8,8,0,7,R(2),3- 0,0,0,1WL-C,E,10
HOA,"Pressly,R",71,59,8,2.8,10.8,6.4,0.4,0,0,43,7,16.7,23.7,21.4,0.8,1,0,5,R(1) C(1),3- 0,0,20,1WR-C,E,10
BOA,"Price,D*",176,26,1,11,12.1,28,3.4,6,4,30,7,12.5,19.6,24.4,2.4,4,3,-1,S(6),3- 0,0,0,1WL-C,E,10
TBA,"Pruitt,A",70,9,3,16.8,19.8,30,3.2,5,1,7,4,24.9,28.9,33.9,0,0,1,-1,R(4) C(3),2- 0,0,2,1WR-C,E,12
CIN,"Quackenbush,K",9,0,30,31,61,95.7,18.8,8,0,14,8,28.6,36.6,47.7,2.8,3,0,-1,R(1),3- 0,0,0,1WR-C,E,10
CHN,"Quintana,J*",174,27,6,18.5,24.5,28,2.4,5,6,22,11,15.1,26.1,28.3,2.2,4,5,-2,S(5),3- 8,0,3,1WR-B,E,12
CIN,"Rainey,T",7,4,37,29,66,88.2,15.1,8*,0,11,30,24.6,54.7,80.7,15.8,8*,0,-1,R(1),3- 0,0,0,1WR-C,E,10
OAA,"Ramirez,C",8,5,62,0,62,0,0,0*,11,8,35,0,35,0,0,0*,12,7,R(2),3- 0,0,20,1WR-C,E,10
SEA,"Ramirez,E",46,17,4,25.3,29.3,63.3,8.6,8,10,8,5,20.4,25.4,49.5,7.8,8,9,-3,S(5),3- 0,0,0,1WR-D,E,10
ATN,"Ramirez,J",6,20,20,32.3,52.3,50.8,0,0,0,13,35,23.9,58.9,45.9,0,0,0,9,R(1),4-51,0,0,1WR-C,E,10
LAA,"Ramirez,J",7,4,37,9.3,46.3,37,9.3,8*,12,0,35,21.3,56.3,75.1,16.4,8*,11,9,S(4),3- 0,0,0,1WR-C,E,10
CLA,"Ramirez,N",42,26,24,5.7,29.6,22.1,5.4,8*,2,46,6,14.8,20.8,35.7,3.8,7*,0,9,R(1),4- 0,0,0,1WR-C,E,10
LAA,"Ramirez,N",83,28,9,16.4,25.4,31.2,3.8,4,4,34,7,13.4,20.4,30.3,3.2,5,3,-3,R(2) C(0),4-17,0,10,1WR-C,E,10
BAA,"Ramirez,Y",65,16,32,14,46,27.7,2.6,4,3,30,5,11.2,16.2,25.2,3,4,1,4,S(5) R(3),3- 0,0,16,1WR-C,E,10
NYN,"Ramos,A",20,25,26,17,43,35.6,1.8,2,2,32,31,3.8,34.8,12.8,3,5*,6,0,R(1),2- 0,0,10,1WR-C,E,10
PHN,"Ramos,E",43,41,5,3.1,8.1,7.9,1.6,1*,12,22,10,5.3,15.4,8.6,0,0,12,3,R(1) C(0),4- 0,0,20,1WR-C,E,10
ATN,"Ravin,J",3,0,33,16.1,49.1,32.1,0,0*,0,0,23,4,27,8,0,0*,0,-1,R(1),3- 0,0,0,1WR-C,E,10
ARN,"Ray,R*",124,52,7,3.8,10.8,9.2,1.8,3,5,32,22,9.7,31.7,22.2,3.2,5,3,1,S(5),3- 0,0,8,1WL-B,E,12
MNA,"Reed,A",56,2,7,31.5,38.5,50.6,4.2,6,5,27,1,21.8,22.8,37.8,3.2,6,5,0,R(1),3- 0,0,7,1WL-C,E,10
CIN,"Reed,C*",43,24,8,13.6,21.5,20.5,0,0,7,26,9,21.7,30.7,30.3,2.6,3,6,9,S(4) R(3),4- 0,0,10,1WL-D,E,10
TOA,"Reid-Foley,S",33,33,27,6.8,33.8,19.5,3,4*,4,36,15,13.9,28.9,32.3,3.4,6,1,0,S(4),3- 0,0,19,1WR-D,E,10
DEA,"Reininger,Z",21,22,13,28.5,41.6,57.8,3,5,0,10,1,25.5,26.5,57,6.3,8,0,-1,R(2),2- 0,0,19,1WS-C,E,10
SLN,"Reyes,A",4,0,32,1.6,33.6,1.6,0,0,18,29,15,23.4,38.4,23.4,0,0,5,-1,S(4),3- 0,0,0,1WR-C,E,10
CIN,"Reyes,J",6,0,29,31.4,60.5,103.6,11.4,8*,8,0,0,0,0,0,0,0*,12,-1,R(1),3- 0,0,20,1WR-C,E,10
NYN,"Rhame,J",32,11,0,29.7,29.7,88.4,15.3,8,4,25,1,24.8,25.8,38.3,1.6,2,0,0,R(2) C(0),4- 0,0,0,1WR-C,E,10
SDN,"Richard,C*",159,17,7,18.4,25.4,25.5,0.4,0,12,9,11,20.3,31.3,36.5,2.4,3,12,-4,S(6),2-28,3,9,6NL-A,E,12
LAA,"Richards,G",76,37,13,8.1,21.1,18.3,2.2,3,10,31,15,14,29,26.3,2,3,9,-3,S(5),4-19,0,20,1WR-C,E,10
MMN,"Richards,T",126,30,12,12.8,24.8,22.4,0,0,4,27,10,20.3,30.3,39.8,3.6,8,0,0,S(5),2- 0,3,14,1WR-A,E,12
PHN,"Rios,Y",36,14,13,24,37,49.4,6.8,8,11,31,6,21.1,27.1,34.7,0.4,0,10,9,R(2),3-40,8,11,1WR-C,E,10
WAN,"Roark,T",180,23,7,21.8,28.8,35.7,2.4,4,9,12,3,22.6,25.6,34.9,2.2,3,8,-1,S(6),2- 0,0,5,3WR-A,E,13
NYA,"Robertson,D",70,59,7,6.5,13.5,19,3,3*,0,36,14,5.8,19.8,13.1,0,0*,0,-2,R(1) C(2),3-21,0,2,1WR-C,E,10
LAA,"Robles,H",56,25,22,10,32,27.7,4.9,8,5,33,7,20.3,27.3,32.4,0.8,1,7,0,R(1) C(1),3- 0,0,7,1WR-C,E,10
OAA,"Rodney,F",64,34,21,8.2,29.2,9.4,0,0,3,26,10,21.1,31.1,28.9,2.6,4,3,9,R(1) C(4),4- 0,0,20,1WR-C,E,10
CHA,"Rodon,C*",121,15,22,11.6,33.5,35.3,5.5,8*,5,15,13,7.2,20.1,15.3,1.4,1,4,7,S(6),4-12,0,7,1WL-D,E,10
SFN,"Rodriguez,D",118,19,4,17,21,36.3,0.1,1*,12,12,9,12.1,21.1,20.3,0.6,2,13,-2,S(6) R(3),2- 0,0,1,1WR-A,E,10
BOA,"Rodriguez,E*",130,47,4,15.6,19.6,29.4,2.4,5,0,29,9,13.9,23,22,2,2,0,-2,S(6) R(3),3- 0,0,1,1WL-D,E,10
WAN,"Rodriguez,J",52,0,30,13.3,43.3,31.4,2.8,5,0,24,17,8.4,25.4,19.9,2.2,4,0,4,S(5) R(4),3- 0,0,7,3WR-B,E,10
PIN,"Rodriguez,R",69,63,4,3.5,7.6,5.9,0,0,1,30,5,15.3,20.3,25,1.8,3,8,-2,R(2),3- 0,0,20,1WR-C,E,10
TEA,"Rodriguez,R",7,0,0,52.6,52.6,82.1,0,0,12,0,0,34.7,34.7,41.2,0,0,12,-1,R(2),3- 0,0,0,1WR-C,E,10
TBA,"Roe,C",50,23,18,7.6,25.6,17.8,3.4,6,10,39,6,5.3,11.3,12.2,1.2,2,10,9,R(1) C(0),3- 0,0,4,1WR-C,E,10
BAA,"Rogers,J*",12,0,9,11.8,20.8,46.8,11.7,8*,0,0,10,38.3,48.3,60.3,1,1,0,9,S(4),3- 0,0,0,1WL-C,E,10
MNA,"Rogers,T*",68,53,7,6.4,13.4,6.4,0,0,6,29,0,14.1,14.1,25.5,0,0,15,-4,R(1) C(1),2- 0,0,0,1WL-C,E,10
CIN,"Romano,S",146,10,9,25.7,34.7,45.2,2.6,4,1,13,7,14.7,21.7,25.5,2.4,3,0,2,S(5) R(3),1-20,0,10,1WL-A,E,10
KCA,"Romero,E*",10,18,11,33.4,44.3,51.5,4.2,8,2,0,0,69.4,69.4,136.1,13.3,8*,0,9,R(2),5- 0,0,20,4WR-C,E,10
MNA,"Romero,F",56,15,3,19.9,22.9,38.8,4.1,5,4,19,12,22.8,34.8,27,0,0,3,1,S(5),2-26,0,20,1WR-C,E,10
TBA,"Romo,S",67,29,12,13.1,25,22.7,3.2,5,4,37,4,18.5,22.5,28.5,2.6,5,6,4,S(1) R(1) C(4),5- 0,0,6,1WR-C,E,10
CHA,"Rondon,B",30,23,19,29.6,48.7,49.4,0,0,0,23,33,15.3,48.3,24.8,0,0,0,9,R(1) C(0),4- 0,0,20,1WR-C,E,10
HOA,"Rondon,H",59,30,8,19,27,30.8,0,0,13,38,6,21.8,27.8,30.3,0,0,7,9,R(1) C(3),3- 0,0,3,1WR-C,E,10
CHN,"Rosario,R*",47,24,18,8,25.9,18.2,3.4,6,11,0,9,27.5,36.5,30.3,0.2,0,12,-3,R(2) C(0),4- 0,0,4,3WL-C,E,10
WAN,"Ross,J",16,0,8,18.3,26.3,37.4,1.8,2*,6,0,0,31.5,31.5,74.8,6.8,8*,6,-1,S(5),3- 0,0,0,1WR-B,E,14
SLN,"Ross,T",150,12,15,21.3,36.3,35,1.6,2,6,25,7,6.4,13.4,16.3,1.8,3,6,1,S(6) R(3),3-19,0,5,6NR-C,D,12
LAN,"Rosscup,Z*",11,43,26,3.2,29.2,12.8,3.2,5*,0,57,0,12.3,12.3,48,11.7,8*,0,-1,R(1),4- 0,0,0,1WR-C,E,10
TOA,"Rowley,C",1,0,0,55.5,55.5,158.3,34.3,8,0,0,0,38,38,140.7,34.3,8,0,-1,R(1),3- 0,0,0,1WR-C,E,10
MMN,"Rucinski,D",35,31,7,19,26,28.4,0,0,2,5,3,20.5,23.5,25.9,0,0,3,9,R(2),3- 0,0,5,1WR-D,E,10
CHA,"Ruiz,J",4,43,26,3.4,29.4,3.4,0,0,0,22,21,20.5,41.5,42,7.2,8,0,-1,R(1),3- 0,0,20,1WR-C,E,10
SEA,"Rumbelow,N",18,29,0,16.5,16.5,42.3,7.8,8,0,18,11,22.1,33.1,60.6,11.4,8,0,9,R(2),4- 0,0,20,1WR-C,E,10
CON,"Rusin,C*",55,36,9,15,24,24.8,1.2,1,7,5,18,23.8,41.8,40.6,2.8,3,8,-3,R(2),2- 0,14,15,3WL-B,E,12
LAN,"Ryu,H*",82,19,14,16.7,30.7,26.8,1.8,2,11,39,0,10.6,10.6,20.1,1.6,2,10,-4,S(6),4- 0,0,0,4WR-B,E,10
CLA,"Rzepczynski,M*",10,22,21,24.5,45.5,44.5,0,0,4,0,23,45.5,68.5,99.1,15.8,8*,1,9,R(1),4- 0,0,16,1WL-C,E,10
NYA,"Sabathia,C*",153,29,23,3.6,26.6,9.1,1.8,2,5,20,5,20.9,25.9,33.3,2.2,2,3,2,S(5),5-28,0,3,1WL-D,E,10
PIN,"Sadler,C",4,6,5,58.5,63.5,107.8,0,0,3,0,32,27.5,59.5,52.5,0,0*,12,-1,R(2),4- 0,0,20,1WR-C,E,10
TEA,"Sadzeck,C",9,30,37,0.6,37.6,1.2,0,0*,10,2,44,0,44,0,0,0*,11,9,S(1) R(1),3- 0,0,20,1WR-C,E,10
ARN,"Salas,F",40,0,2,35.2,37.2,47.1,2.8,5,12,24,4,16.1,20.1,24.7,1.8,2,12,6,R(1),5-36,0,11,1WR-C,E,10
BOA,"Sale,C*",158,58,0,5.7,5.7,8.7,0,0,0,61,5,7.4,12.4,14.7,1,1*,0,0,S(6),3-10,0,5,1WL-D,E,10
SFN,"Samardzija,J",45,14,18,23.4,41.4,43.1,4.8,8,0,2,19,15.4,34.5,20,0.2,1,0,9,S(5),3- 0,0,9,1WR-C,E,13
TEA,"Sampson,A",23,11,0,13.3,13.3,35.4,4.3,8,12,10,3,27.4,30.4,67,13.2,4,13,-1,S(5) R(3),4-51,16,20,1WR-C,E,10
ATN,"Sanchez,A",137,34,12,7.8,19.8,10.9,0.6,0,4,25,4,16.5,20.5,31.5,2.6,5,4,5,S(6),3-21,0,6,1WR-C,E,10
TOA,"Sanchez,A",105,9,25,17.6,42.6,31.2,1.2,2,7,23,10,12.2,22.2,17,1,0,7,2,S(5),2-14,0,7,1WR-C,E,10
LAN,"Santana,D",4,35,0,37,37,104.5,0,0,0,10,12,47.2,59.2,61.9,0,0,0,-1,R(2),3- 0,0,20,4WR-C,E,10
MNA,"Santana,E",25,8,16,18.7,34.7,48.2,7.3,8,0,6,0,34.9,34.9,96.9,13.8,8,0,-1,S(4),3- 0,0,0,1WR-D,E,10
PIN,"Santana,E",66,29,0,13.2,13.2,32.8,4.3,8*,5,9,0,18,18,24.7,0,0,5,-1,R(1) C(0),3-22,0,10,1WR-C,E,10
CHA,"Santiago,H*",102,11,36,16.5,52.4,21.1,0.8,0,4,32,11,12.8,23.8,31.5,3.6,6,3,-1,S(5) R(3) C(1),3- 0,7,1,1WR-D,E,10
TOA,"Santos,L",20,17,15,32.3,47.3,73.3,6,8,0,37,10,22.5,32.5,39.5,1.4,2,0,-1,R(2),2- 0,0,0,1WR-C,E,10
DEA,"Saupold,W",34,0,9,29.8,38.8,56.8,5,8,1,0,8,18.3,26.3,27.5,1.2,1,1,-1,R(2) C(0),4-42,0,12,1WR-C,E,10
CHA,"Scahill,R",5,5,17,22.5,39.5,44.2,0,0*,9,4,21,9.6,30.5,18.9,0,0,9,9,R(1),5- 0,0,20,1WL-C,E,10
WAN,"Scherzer,M",221,45,4,9.9,13.9,21.4,1.8,2*,4,59,2,7,9,16.9,1.6,2*,4,0,S(7*),5- 7,2,4,4WR-C,D,14
TBA,"Schultz,J",30,50,16,0,16,0,0,0*,4,31,26,11.9,38,47,11.7,8*,0,-1,R(2),2- 0,0,7,1WR-C,E,10
BOA,"Scott,R*",7,24,13,19,32,68.2,16.4,8,0,19,10,36.2,46.2,69.5,3.4,6,0,-1,R(1),3- 0,0,0,1WS-C,E,10
BAA,"Scott,T*",53,46,17,9,26,16.6,0,0,0,33,14,20.6,34.7,37,2.2,4,0,0,R(1) C(0),3- 0,0,20,1WR-C,E,10
ARN,"Scribner,T",4,26,40,11.1,51.1,22.2,0,0*,0,3,50,13.2,63.2,18,0,0,0,-1,S(4),3- 0,0,0,1WL-C,E,10
CON,"Senzatela,A",90,11,7,22.1,29.1,29.3,0,0,5,15,8,21.2,29.2,44.3,3,3,5,0,S(5) R(3),2- 0,0,1,1WR-A,E,12
NYA,"Severino,L",191,39,7,20.3,27.4,28.9,0.4,0,6,36,2,14.3,16.3,24.6,1.8,2,7,0,S(6),2-15,0,9,1WR-D,E,10
NYN,"Sewald,P",56,25,4,20,24,47.3,4.3,7,4,23,14,22.5,36.5,37,0.8,1,7,-4,R(2) C(1),3-26,0,3,1WR-B,E,10
CIN,"Shackelford,K",8,22,1,43.3,44.3,70.8,0,0,3,9,18,44.8,62.8,53.1,0,0,0,-1,R(3),3- 0,0,20,1WR-C,E,10
TOA,"Shafer,J",8,0,48,0,48,0,0,0*,0,0,20,3.6,23.5,13.8,3.4,5*,0,-1,R(2),4- 0,0,0,1WR-C,E,10
CON,"Shaw,B",55,31,18,20,38,29.8,0.8,0,2,13,12,33.1,45.1,56.8,4.3,5,8,4,R(1),4-51,0,20,1WS-C,E,10
NYA,"Sheffield,J*",3,0,51,18.4,69.4,41.4,5.8,5*,3,0,16,43.2,59.2,98.2,13,8*,10,-1,R(1),5-51,0,20,1WL-C,E,10
ARN,"Sherfy,J",16,14,21,4.7,25.7,12.5,2.6,4*,0,46,22,0,22,0,0,0*,0,9,R(2),2- 0,0,0,1WR-C,E,10
SLN,"Sherriff,R*",6,0,0,24,24,40.4,0,0,0,0,18,35.5,53.5,65.9,7.5,8,0,-1,R(2),4- 0,0,0,1WL-C,E,10
CHA,"Shields,J",205,19,14,8.4,22.4,19.6,2.2,3*,3,11,8,19.4,27.4,37.2,3.8,6,4,0,S(6*),2- 0,2,12,1WR-B,E,10
ARN,"Shipley,B",5,44,0,3.4,3.4,3.4,0,0,0,0,32,19.1,51.1,19.1,0,0,0,-1,R(2),3- 0,0,0,1WR-D,E,12
LAA,"Shoemaker,M",31,40,19,6.9,25.9,12.8,0,0,6,22,0,26.9,26.9,42.1,1.6,2,16,-1,S(5),4-46,0,20,1WR-D,E,10
SLN,"Shreve,C*",53,27,18,16.8,34.8,41.8,5.3,7,2,32,16,15.8,31.8,32.3,3.6,5,3,0,R(1) C(0),3- 0,0,7,1WL-C,E,10
CIN,"Sims,L",16,8,40,9.2,49.2,21.1,1.8,2*,0,33,14,15.3,29.3,29.9,4.3,8,0,2,R(2),2- 0,0,0,1WR-C,E,10
HOA,"Sipp,T*",39,25,9,10.9,20,21.1,0,0*,9,47,11,12.3,23.3,26.6,0,0*,4,-1,R(1),2- 0,0,12,1WL-C,E,10
LAA,"Skaggs,T*",125,31,0,18.1,18.1,36.8,1.6,2,8,28,11,21.4,32.3,30.6,1.4,2,8,-1,S(5),3-23,0,3,1WL-C,E,10
KCA,"Skoglund,E*",70,13,5,9.8,14.8,33.8,8,8*,10,12,5,16.5,21.5,41.3,3.2,6,10,2,S(5),4-20,0,9,1WL-C,E,10
MNA,"Slegers,A",14,0,0,17.6,17.6,42.4,2.8,4,7,0,0,33.3,33.3,62.6,5.3,8,7,1,S(4) R(4),2- 0,0,0,1WR-C,E,10
KCA,"Smith,B",78,19,8,29.4,37.3,48.9,4.5,8,3,28,21,14.5,35.5,28,2.6,6,3,2,S(4) R(3),4- 0,4,0,1WR-C,E,10
BOA,"Smith,C",14,49,18,10.5,28.5,28,0,0*,0,28,8,15.7,23.7,37.9,4,7,0,9,R(1),4- 0,0,0,1WR-C,E,10
MMN,"Smith,C*",77,32,3,13.1,16.1,22.3,1.2,2,0,36,16,10.1,26.1,25.2,2.8,5*,1,-4,S(5),2-19,0,0,2WR-A,E,10
NYN,"Smith,D",28,7,0,22.9,22.9,33.1,0,0,5,9,4,35.3,39.3,52.9,1.8,2,5,1,R(2),3- 0,0,7,1WR-C,E,10
HOA,"Smith,J",46,38,11,5.6,16.6,14.6,3,4,10,29,4,10.6,14.6,23.9,2.8,5,10,1,R(1),4-31,0,4,1WR-C,E,10
TOA,"Smith,M",3,0,0,55.4,55.4,84.6,0,0,12,0,19,29.6,48.6,29.6,0,0,12,-1,R(1),4- 0,0,0,1WR-C,E,10
SFN,"Smith,W*",53,63,0,6.2,6.2,9.8,0,0,0,43,7,8.8,15.8,12.6,0,0,0,2,R(1) C(3),4- 0,0,8,1WR-C,E,10
DEA,"Smoker,J*",7,0,16,31,47,68.8,3.4,5*,7,0,36,27.4,63.3,67.6,6.5,8*,5,-1,R(1),4- 0,0,20,1WL-C,E,10
TBA,"Snell,B*",181,46,6,0.6,6.7,2.1,0.4,0*,11,44,11,2.3,13.3,5.9,0.8,2*,11,3,S(6),2- 8,0,17,1WL-D,E,10
SFN,"Snelten,D*",4,0,16,53.8,69.8,89.2,11.8,8*,0,24,7,32,39,64.4,10.8,8,0,9,R(2),3- 0,0,0,1WL-C,E,10
ATN,"Sobotka,C",14,39,12,13.1,25.1,34.4,4.8,8,0,50,22,1.7,23.7,6.5,1.6,3*,0,9,R(1),3- 0,0,20,3WR-C,E,10
ATN,"Socolovich,M",5,6,4,35.4,39.4,71.9,0,0,0,12,14,46.3,60.3,84.7,0,0,0,9,R(2),3- 0,0,0,1WR-C,E,10
WAN,"Solis,S*",39,22,7,29.1,36.2,59.3,6.8,8,6,38,18,13.6,31.5,26.5,1,1,2,-1,R(1),3- 0,0,20,1WR-C,E,10
MLN,"Soria,J",61,21,1,21.1,22.1,35.4,1.6,1,3,55,7,7.3,14.3,11.9,0,0,0,0,R(1) C(4),3- 0,6,7,1WR-C,E,10
ATN,"Soroka,M",26,26,5,21,26,31.5,0,0,12,5,4,37.7,41.7,56.5,0,0,12,-1,S(5),3- 0,0,17,1WR-D,E,10
KCA,"Sparkman,G",38,8,13,24.3,37.3,32,0,0,0,12,2,31.5,33.5,52.5,1,1,0,-1,S(4) R(3),3-38,10,16,1WS-C,E,10
TEA,"Springs,J*",32,19,14,22.7,36.7,29.3,1.8,3,10,26,10,12.3,22.3,25.3,2,2,10,0,S(4) R(3),2- 0,0,20,1WL-C,E,10
SDN,"Stammen,C",79,36,2,19.5,21.5,31.5,0,0,8,37,0,11,11,15.2,0,0,7,1,R(2) C(0),3- 0,0,8,1WR-C,E,10
TBA,"Stanek,R",66,56,14,2,16,5.9,0.8,0*,5,35,12,8,20,22.2,2.6,4*,13,0,S(1) R(1),3- 0,0,18,1WR-C,E,10
MMN,"Steckenrider,D",65,31,16,11.6,27.6,29.3,3.2,6,0,34,3,13.2,16.1,13.2,0,0,0,5,R(1) C(2),3- 0,0,0,1WR-C,E,10
CIN,"Stephens,J",38,20,0,28.3,28.3,43.9,1.6,1,3,12,12,26.9,38.8,48.4,4.1,6,3,1,R(3),3- 0,0,15,1WR-C,E,10
CIN,"Stephenson,R",12,7,33,22.3,55.3,56.4,6,8*,0,21,15,35.6,50.6,53.2,0,0,0,9,S(4) R(3),3- 0,20,20,1WR-D,E,12
LAN,"Stewart,B",18,6,20,33.6,53.5,41.4,2.2,1,0,15,0,20.8,20.8,55.2,7.3,8,0,-1,S(4) R(3),4-51,0,10,1WL-C,E,10
MNA,"Stewart,K",37,0,10,16.1,26.1,22.4,0,0,12,21,23,13.6,36.5,19.3,0,0,10,0,S(4) R(4),3- 0,0,20,1WR-C,E,10
SDN,"Stock,R",40,25,1,26.4,27.4,33.2,0,0,7,26,12,11.5,23.5,11.5,0,0,8,-2,R(2),4-51,10,17,1WL-C,E,10
KCA,"Stout,E*",2,2,24,37.8,61.8,129.9,30.7,8,0,0,7,63,70,143.8,15.8,8*,0,-1,R(1),3- 0,0,0,1WL-C,E,10
SDN,"Strahm,M*",61,32,18,5.8,23.9,21.1,3.8,6*,0,40,5,5,10.1,10.5,0.4,0*,0,0,S(4) R(3),4-24,0,7,1WR-D,E,10
MMN,"Straily,D",122,16,19,13.7,32.6,29.9,2.8,5,5,16,2,11.7,13.7,29.5,3.8,8,5,0,S(5),2-12,0,1,2WR-C,E,14
WAN,"Strasburg,S",130,31,6,20,26,34.5,2,3,2,48,5,15.3,20.3,30,3.2,4,0,2,S(6),2- 0,3,8,1WR-A,E,13
SFN,"Stratton,C",145,10,9,24.4,33.4,40.8,2.6,6,9,19,10,18.5,28.5,33.6,1.2,3,8,-5,S(5) R(3),2-20,0,8,2WR-A,E,10
SFN,"Strickland,H",45,23,12,10.1,22.1,23.4,0.6,1,3,9,12,23,35,44.3,2,5,3,0,R(1) C(4),2- 0,0,19,1WR-C,E,10
LAN,"Stripling,R",122,40,0,17,17,27.8,2.4,2,2,27,0,24,24,45.2,3.4,5,2,-2,S(5) R(3),2-12,0,5,1WR-B,D,14
TOA,"Stroman,M",102,9,8,20.4,28.4,31.5,0.4,0,11,19,10,23.1,33.1,30.4,1,1,11,-2,S(5),2- 0,4,6,3WR-C,E,13
CHN,"Strop,P",60,23,13,8.3,21.3,14.8,0,0,11,32,5,2.3,7.3,5.5,1,1,11,-3,R(1) C(4),4-50,0,11,1WR-C,E,10
DEA,"Stumpf,D*",38,36,7,18.3,25.3,34.4,1.8,2,0,9,14,27.8,41.7,49.5,2.6,4,0,9,R(1),3- 0,0,10,1WL-C,E,10
SFN,"Suarez,A*",160,16,0,14.1,14.1,20,0,0,12,19,8,23.3,31.3,42.1,4,8,13,-3,S(6),2- 0,0,5,1WL-C,E,10
PHN,"Suarez,R*",15,43,1,26,27,26,0,0,2,0,10,32.8,42.8,63.1,5.8,8,17,-1,S(4) R(3),3- 0,20,0,1WL-C,E,10
WAN,"Suero,W",48,34,8,15.8,23.8,38,0,0,0,23,4,16.5,20.5,33.5,2.6,4,0,7,R(2),3-30,7,14,1WR-C,E,10
MLN,"Suter,B*",101,17,5,13.6,18.6,29.7,3.8,4,0,20,0,22.6,22.6,39.8,3.4,6,0,-6,S(5) R(4),1- 0,0,1,6NL-B,E,14
NYN,"Swarzak,A",26,37,9,17.6,26.6,63.8,12.8,8,0,20,24,19.7,43.7,24.6,1.6,3,3,-1,R(1) C(3),3- 0,0,16,1WR-C,E,10
NYN,"Syndergaard,N",154,23,4,19.7,23.7,25.1,0,0,8,35,4,17.3,21.3,21.3,0,0,7,9,S(6),4-19,0,2,1WL-B,E,10
PIN,"Taillon,J",191,20,7,18.4,25.4,27.5,1.2,1,6,30,0,12.4,12.4,24.1,2,3,6,2,S(6),4- 0,0,1,1WR-B,E,10
NYA,"Tanaka,M",156,29,2,18.1,20.1,27.3,2.2,1,11,33,5,14.8,19.8,34,3.6,6,8,-2,S(5),1-10,0,4,1WR-D,E,10
NYA,"Tarpley,S*",9,43,27,1,28,1,0,0*,0,47,20,7.7,27.6,12.6,0,0*,0,9,R(1),3- 0,0,0,1WR-C,E,10
CLA,"Taylor,B",6,30,8,20.4,28.4,60.6,10,8*,0,53,0,15.6,15.6,50.2,9.5,8*,0,-1,R(1),3- 0,0,0,1WR-C,E,10
LAA,"Tazawa,J",28,22,23,17,40,26.9,0,0,0,22,6,32.2,38.2,91.4,13.5,8*,0,-1,R(1),4-51,0,6,1WR-C,E,10
ATN,"Teheran,J",176,15,26,6.8,32.8,18.3,2.2,4,4,35,5,8.6,13.6,22,3.2,6*,3,1,S(6),1- 0,6,2,6NR-A,E,14
TOA,"Tepera,R",65,26,9,18.6,27.6,37,1.6,3,8,38,12,6.8,18.8,18.7,2.6,5*,9,1,R(1) C(2),4-22,6,18,1WR-C,E,10
PHN,"Thompson,J",16,9,9,19.3,28.3,38.6,0,0*,1,28,29,2.2,31.2,4.4,0,0*,1,2,R(3) C(1),3- 0,0,12,1WR-C,E,10
BOA,"Thornburg,T",24,23,5,30,35,49.3,0,0,9,16,16,19,35,59.5,13.5,8,11,6,R(1),3- 0,0,18,1WR-C,E,10
BAA,"Tillman,C",27,0,22,38.6,60.6,62,4.1,7,0,0,16,26.1,42,58.5,2.8,5,3,-1,S(4),3- 0,0,20,1WR-C,E,10
CLA,"Tomlin,J",70,8,0,32.6,32.6,81.6,13.5,8,0,6,0,21.3,21.3,48.5,7,8,0,0,S(4) R(3),3- 0,0,14,1WR-C,E,10
WAN,"Torres,C",10,17,22,18.5,40.5,64.7,15.3,8*,0,24,0,10.2,10.2,22.6,4,6,0,-1,R(1),4- 0,0,0,1WR-C,E,10
ATN,"Toussaint,T",29,30,31,0,31,0,0,0*,17,35,25,11.7,36.7,23.4,0,0*,6,1,S(5) R(3),3- 0,0,7,1WR-C,E,10
OAA,"Treinen,B",80,35,0,8,8,8,0,0,5,55,10,0,10,0,0,0*,5,3,R(2) C(6),3-18,0,18,1WR-C,E,10
OAA,"Triggs,A",41,27,15,11,26,23,2.4,4,0,29,11,10.3,21.3,25.8,3.6,7,0,7,S(5),4- 0,0,15,1WR-C,E,10
OAA,"Trivino,L",74,31,10,11.5,21.5,17.5,1,1,10,41,13,3,16,8.4,1.8,4*,11,8,R(2) C(2),4- 0,4,12,1WR-C,E,10
LAA,"Tropeano,N",76,21,10,17.8,27.8,41.4,3.2,4,12,20,12,10.6,22.5,30.6,5.5,8,13,-5,S(5),2- 0,0,5,1WR-C,E,10
CHN,"Tseng,J",2,0,0,70,70,189.6,24.8,8*,0,23,0,46.2,46.2,114.2,11.1,8*,0,-1,S(4),3- 0,0,0,1WL-C,E,10
SEA,"Tuivailala,S",37,6,15,25.9,40.8,46.8,1.6,3,8,23,0,19.9,19.9,21.9,0,0,8,4,R(2),4-39,0,20,1WR-C,E,10
DEA,"Turnbull,S",16,23,2,24.5,26.5,30.8,0,0,7,23,7,15.6,22.6,17.5,0,0,7,-1,S(4) R(3),3- 0,20,13,1WR-C,E,10
DEA,"Turner,J",7,0,15,54.5,69.6,96.7,8.8,8*,0,0,14,62.2,76.2,85.7,0.6,1*,0,9,S(4) R(3),3- 0,0,0,1WR-C,E,10
CHN,"Underwood,D",4,30,44,0,44,0,0,0*,4,0,20,21.5,41.5,80.9,19.8,8*,19,-1,S(4),3- 0,0,0,1WR-C,E,10
MMN,"Urena,J",174,13,2,18.5,20.5,32,3,5,9,20,7,14.4,21.4,20,0.2,0,9,-1,S(6),2- 8,2,2,1WR-C,E,14
LAN,"Urias,J*",4,71,0,0,0,0,0,0*,0,78,0,0,0,0,0,0*,0,-1,R(2),2- 0,0,0,1WL-C,E,13
HOA,"Valdez,F*",37,54,21,0,21,0,0,0*,3,15,27,3.3,30.4,7.6,1.2,2,15,-1,S(5) R(4),3- 0,0,20,1WL-C,E,10
SFN,"Valdez,J",5,0,0,44,44,129.8,28.6,8,0,28,0,33.1,33.1,75.4,14.1,8,0,9,R(2),4- 0,0,0,1WR-C,E,10
NYN,"Vargas,J*",92,13,14,15.7,29.6,23.9,2.6,4,5,23,5,22,27,41.9,4.3,7,6,2,S(5),2- 0,0,0,2WL-A,E,10
MNA,"Vasquez,A*",5,44,9,24,33,55,0,0*,0,36,11,9.9,20.9,28.7,0,0*,0,-1,R(1),4-51,0,0,1WL-C,E,10
KCA,"Vasto,J*",4,7,0,15.4,15.4,25,0,0,0,9,23,37.2,60.2,105.8,11,8*,0,9,R(1),3- 0,0,0,1WL-C,E,10
PIN,"Vazquez,F*",70,66,0,3.4,3.4,6.1,0,0,0,33,10,14.8,24.8,19,0,0,1,2,R(1) C(6),4-20,0,9,1WL-C,E,10
PHN,"Velasquez,V",147,26,10,19,29,41.4,3.4,4,5,38,13,7.2,20.2,13.3,0,0,6,-5,S(5),1-20,0,13,4WR-A,E,13
BOA,"Velazquez,H",85,7,9,21.2,30.2,35.9,2.6,5,11,7,4,29,33,35.5,0,0,11,3,S(4) R(3),2-17,0,10,1WR-D,E,10
LAN,"Venditte,P*",14,14,0,8.2,8.2,18.3,2.4,3,12,5,0,16.1,16.1,31.1,0,0,12,-1,R(1),3- 0,0,0,1WL-C,E,10
ATN,"Venters,J*",34,26,5,6.6,11.6,6.6,0,0,6,8,17,15.4,32.4,24.9,0,0,6,-2,R(1) C(2),3- 0,0,20,1WL-C,E,10
DEA,"Verhagen,D",56,27,17,13.7,30.7,23.8,2.2,3,3,26,5,8.4,13.5,14.5,1,1,5,4,R(2),3- 0,0,20,1WR-C,E,10
HOA,"Verlander,J",214,58,2,5.9,7.9,14.5,2.8,4,0,44,0,12.8,12.8,26.9,1.8,3,0,-3,S(6*),2- 7,4,5,1WR-D,E,10
CHA,"Vieira,T",18,19,6,28.8,34.8,46.4,4.1,6,0,13,25,10.4,35.5,29.1,4.3,7,0,-1,R(2) C(0),4- 0,19,20,1WR-C,E,10
SEA,"Vincent,N",56,13,7,12.1,19.1,22.1,1.6,1,0,36,0,15.9,15.9,26.5,2.2,3,0,0,R(1),3-26,7,0,1WR-C,E,10
ATN,"Vizcaino,A",38,29,20,12.3,32.3,23,1.4,2,7,32,1,11.7,12.7,22.8,1.6,2,7,-2,R(1) C(5),3-38,0,20,1WR-C,E,10
CHA,"Volstad,C",47,17,0,34.1,34.1,74.3,8.3,8,5,0,8,31.4,39.3,44,1.4,1,10,-2,R(2),3-30,0,4,1WR-C,E,10
WAN,"Voth,A",12,23,18,13.1,31.1,23.9,3.6,6,0,16,14,14.5,28.5,34.8,6.8,8,0,-1,S(4) R(3),5- 0,0,17,1WR-C,E,10
SLN,"Wacha,M",84,24,6,10,16,12.7,0.4,0,1,15,21,8.1,29.1,19.5,2.8,5,1,3,S(5),4-17,4,5,1WR-A,E,13
NYN,"Wahl,B",5,11,21,32.7,53.7,69.4,8.8,8,0,10,21,29.2,50.2,52,7.6,8,0,9,R(1),4- 0,0,0,1WR-C,E,10
SLN,"Wainwright,A",40,28,23,13.3,36.3,17.7,0.8,1,0,21,1,22.1,23.1,40.5,3.2,5,1,-3,S(5),2-36,0,4,1WR-B,E,12
BOA,"Walden,M",15,48,8,16.5,24.5,29.5,0,0*,5,13,0,24.2,24.2,44.3,0,0,12,4,R(3) C(0),2- 0,0,20,1WR-C,E,10
ARN,"Walker,T",13,0,5,37,42,47,2.4,4,6,20,15,16.6,31.6,19.5,0,0,5,-1,S(4),2- 0,0,0,1WR-C,E,10
SEA,"Warren,A",52,23,7,23.8,30.8,29.8,0.6,1,0,28,13,9.8,22.8,20.8,2,2,0,4,R(1),2- 0,0,12,1WR-C,E,10
SFN,"Watson,T*",66,43,0,19,19,26.1,0,0,4,31,2,12.6,14.6,19.8,0.6,1,4,0,R(1),2- 0,0,0,1WL-C,E,10
SLN,"Weaver,L",136,16,12,21.4,33.4,34,2.2,4,3,23,8,18.9,26.9,30.8,2.2,3,2,-3,S(5) R(3),4-21,0,4,2WR-A,E,14
SLN,"Webb,T*",20,4,1,17.4,18.4,40.8,4.3,7,1,22,17,25.9,42.9,39.7,1.2,2,0,-1,R(1),3- 0,0,0,1WL-C,E,10
TBA,"Weber,R",5,0,26,6,32,18,0,0*,0,0,0,25.8,25.8,63.3,0,0*,0,9,R(4),4- 0,0,0,1WR-C,E,10
CHN,"Webster,A",3,28,0,0,0,0,0,0*,0,21,17,16.9,33.9,67.2,16.8,7*,0,-1,R(1),3- 0,0,0,1WR-D,E,10
CIN,"Weiss,Z",0,0,53,21.6,74.6,86.1,21.5,0*,0,0,42,27.8,69.8,111,27.8,8*,0,0,R(1),3- 0,0,0,1WR-C,E,10
OAA,"Wendelken,J",17,32,6,0,6,0,0,0*,5,19,11,5.2,16.2,13.6,1.6,3*,5,-1,R(2),3- 0,0,15,1WR-C,E,10
SEA,"Whalen,R",4,0,0,0,0,0,0,0*,0,0,23,0.6,23.6,0.6,0,0*,0,-1,R(2),3- 0,0,0,1WR-C,E,10
NYN,"Wheeler,Z",182,32,11,13.8,24.8,19.3,1,1,4,25,5,11.3,16.3,11.9,0.2,0,5,-1,S(6),2- 0,2,2,3WL-B,E,12
ATN,"Whitley,C",1,2,25,42.3,67.3,143.3,29.5,8*,0,6,23,40.7,63.7,144.2,31.9,8*,0,-1,R(1),3- 0,0,0,1WR-C,E,10
SDN,"Wick,R",8,0,0,29.7,29.7,44.7,5,8,9,21,0,50.5,50.5,100.5,0,0,0,8,R(1),5- 0,0,0,1WL-C,E,10
SDN,"Wieck,B*",7,69,0,0,0,0,0,0*,0,53,0,15.6,15.6,51.5,10.2,8*,0,-1,R(2),2- 0,0,0,1WL-C,E,10
MLN,"Wilkerson,A",9,5,10,35,45,74.1,11.4,8,0,40,3,18.7,21.7,62.9,14.8,8,0,-1,S(4) R(3),2- 0,0,0,1WR-D,E,10
WAN,"Williams,A",10,5,18,14,32,55.3,13.8,8*,0,23,9,23.5,32.5,90.2,22.3,8*,0,-1,R(2),4- 0,0,20,1WR-C,E,10
MLN,"Williams,T",53,14,11,33.8,44.9,62.2,3.8,5,0,39,13,11.1,24.2,14.3,0.2,0,0,-1,R(1),3- 0,0,16,2WS-D,E,10
PIN,"Williams,T",171,6,5,11.3,16.3,15.5,1,1,5,23,10,15,25,29.6,1,1*,5,-2,S(6),4-26,0,5,1WR-A,E,10
DEA,"Wilson,A",62,26,0,17.3,17.3,41,6,8,7,7,6,7.3,13.4,10.1,0,0,7,-5,R(1),2- 0,0,7,1WR-C,E,10
ATN,"Wilson,B",7,7,36,19.2,55.2,36,0,0*,11,25,6,38.2,44.2,68.4,0,0,3,9,S(4) R(3),3- 0,0,0,1WR-C,E,10
CHN,"Wilson,J*",55,43,19,4.4,23.5,13.3,2.8,5,0,35,21,14.6,35.6,23.1,0,0,2,-3,R(1),2- 0,8,16,1WL-D,E,10
SDN,"Wingenter,T",19,40,23,5.8,28.8,19.6,4.6,8*,0,49,19,3,22,7.8,1.4,2*,0,9,R(1),5-51,0,11,1WR-C,E,10
ATN,"Winkler,D",60,28,8,27.4,35.4,49.8,0,0,0,39,8,9.2,17.2,11.2,0,0,0,-4,R(1) C(1),5-24,0,7,1WR-C,E,10
CIN,"Wisler,M",40,0,0,20.2,20.2,41.5,4.8,8,4,30,2,22.7,24.7,45.8,3.8,6,3,0,S(5) R(3),2- 0,0,5,1WR-B,E,13
MMN,"Wittgren,N",34,8,15,10.6,25.6,16.6,0,0,0,40,2,15.6,17.5,29.1,0,0,0,-2,R(2),2- 0,0,12,1WR-C,E,10
LAN,"Wood,A*",152,20,0,24.7,24.7,31.2,0,0,7,23,7,14.3,21.3,22.7,1.8,3,7,0,S(6) R(3),3-30,2,2,1WR-C,D,13
LAA,"Wood,B",12,33,21,16.5,37.5,28.5,0,0,2,7,30,4.1,34,10.9,1.8,3,12,-1,R(1),3- 0,0,0,1WR-C,E,10
TBA,"Wood,H",41,33,17,20,37,24.9,0,0,0,23,9,18.7,27.7,30.2,1.6,2,0,-2,S(1) R(1),2- 0,9,0,1WR-C,E,13
MLN,"Woodruff,B",42,43,15,11.3,26.4,14.9,0,0,3,21,3,15.9,18.9,27.3,2.8,4,16,1,S(4) R(3) C(0),4-35,0,5,7NL-B,E,10
BOA,"Workman,B",41,24,8,9.6,17.6,27.4,5.2,8*,0,24,15,13.2,28.2,25.4,1.8,2,0,7,R(1),4- 0,0,0,1WR-C,E,10
ATN,"Wright,K",6,7,43,11.4,54.5,45.6,11.4,8*,0,18,33,7.3,40.3,29,7.3,8*,0,9,R(2),4- 0,0,0,1WR-C,E,10
BAA,"Wright,M",84,23,9,21.7,30.7,31,1.6,1,1,14,13,24.1,37.1,37,2.2,4,0,-4,S(4) R(3),3-17,0,9,1WR-C,E,10
BOA,"Wright,S",54,10,20,13.8,33.8,15.4,0,0,9,19,15,7.8,22.8,18.3,2,3*,9,-3,S(7) R(3) C(0),1- 0,0,0,1WR-C,E,12
BAA,"Yacabonis,J",40,14,17,22.2,39.2,35.1,1.6,2,4,21,10,7.6,17.5,24.8,5.3,8,3,-3,S(4) R(3),3- 0,0,20,1WR-C,E,10
TBA,"Yarbrough,R*",147,35,13,8.6,21.6,19.6,2.2,3,9,15,4,20.8,24.8,33.8,1.2,2,7,0,S(5) R(5),2- 0,0,0,1WR-D,E,10
SDN,"Yates,K",63,43,11,7.3,18.3,12.5,1.4,2,0,60,2,3,5,6.6,1.2,1,0,3,R(1) C(4),4-23,0,7,1WL-C,E,10
MLN,"Zagurski,M*",1,6,18,54,72,139.6,0,0*,0,13,10,48.4,58.4,139.4,0,0,0,-1,R(1),3- 0,0,0,1WL-C,E,10
NYN,"Zamora,D*",9,57,0,12.7,12.7,43.9,5.8,8*,0,59,19,0,19,0,0,0*,0,-1,R(1),3- 0,0,0,1WL-C,E,10
CHN,"Zastryzny,R*",6,0,45,0,45,0,0,0*,0,7,22,25.5,47.5,41,0,0,0,9,R(1),3- 0,0,0,1WR-C,E,10
ARN,"Ziegler,B",74,6,0,27.3,27.3,40.5,3.6,6,12,15,9,14.8,23.9,21.1,0.4,0,12,-3,R(1) C(4),3-20,0,2,1WR-C,E,10
DEA,"Zimmermann,J",131,20,4,17.3,21.3,37.5,4.5,7,0,19,0,21.6,21.6,42.1,4,7,0,-1,S(5),3- 0,0,1,1WR-C,E,10
